Dist_um,Line_01,Line_02,Line_03,Line_04,Line_05,Line_06,Line_07,Line_08,Line_09,Line_10,Line_11,Line_12,Line_13,Line_14,Line_15,Line_16,Line_17,Line_18,Line_19,Line_20,Line_21,Line_22,Line_23,Line_24,Line_25,Line_26,Line_27,Line_28,Line_29,Line_30,Mean,Std
0,89,84.8620681762695,87.5517196655273,95.4137954711914,99.5517272949219,98.3103485107422,93.3448257446289,85.0689697265625,89.2068939208984,96.2413787841797,100.37931060791,97.4827575683594,95,95,91.0689697265625,89,89,89,86.5172424316406,83,83,77.2068939208984,71,71,77.6206893920898,83,83,86.7241363525391,94.5862045288086,107,88.937931060791,8.4075407764787
0.597014925373145,94.9701461791992,94.9495544433594,94.9629364013672,95.0020599365234,95.0226440429688,95.0164642333984,95.8152313232422,99.8914031982422,97.8533172607422,95.0061721801758,95.0267562866211,95.0123443603516,95,95,94.9804382324219,99.0874938964844,106.704574584961,102.58723449707,98.4575424194336,94.3226928710938,90.2053527832031,86.0591888427734,83.9696350097656,88.0869750976562,92.2372589111328,92.0581512451172,83.8234710693359,83.0185317993164,86.7632598876953,95.059700012207,93.8650177001953,5.39082230285995
1.19402985074629,100.940299987793,96.8435440063477,95,95,95,97.6628875732422,100.129180908203,96.0735931396484,95.0288238525391,93.7709732055664,89.6742172241211,92.5419464111328,96.6387023925781,100.735458374023,97.0483779907227,95.0411682128906,95.1173400878906,95.076171875,97.4930572509766,100.319610595703,96.1816787719727,94.9114685058594,95.9150695800781,100.053009033203,104.190940856934,103.984046936035,95.7081756591797,87.5064315795898,83.0370559692383,83.1194076538086,95.6580879211426,4.92828183849077
1.7910447761194,101,92.7859039306641,89.0895538330078,89.9047927856445,98.05712890625,103.60009765625,105.267623901367,97.0535202026367,95,94.9814682006836,94.9197082519531,94.9629364013672,95.0247039794922,95.0864639282227,98.9032440185547,100.910446166992,100.706634521484,96.6304626464844,97.4827575683594,100.37931060791,96.2413787841797,92.1466827392578,90.1240386962891,94.2619705200195,101.660827636719,108.383422851562,112.336074829102,105.283065795898,98.8970718383789,94.8208999633789,97.8634063720703,5.40838315412796
2.38805970149253,95.1194000244141,99.0102920532227,102.991760253906,106.658256530762,106.822944641113,106.934120178223,105.344825744629,97.068962097168,95,97.433349609375,105.54451751709,103.313949584961,99.2583618164062,95.2027816772461,102.783836364746,104.852798461914,100.590324401855,92.3968200683594,91.602165222168,95.107048034668,95.0247039794922,92.1034393310547,88.0066833496094,84.0334548950195,93.1039657592773,103.98713684082,112.180648803711,109.201751708984,105.018524169922,100.880599975586,99.5525807698568,6.67728853251862
2.98507462686567,100.85075378418,96.9186782836914,99.6443557739258,106.596496582031,102.561508178711,101.149261474609,100.301086425781,96.0602111816406,95,97.4827575683594,105.75862121582,103.482757568359,99.3448257446289,95.2068939208984,91.3623352050781,83.3438034057617,72.1394729614258,80.0035934448242,88.0530090332031,95,95,94.9279403686523,93.8162536621094,89.678337097168,92.3257827758789,96.633544921875,100.874420166016,93.94287109375,89.4014434814453,89.2985076904297,94.8719841003418,7.46105849176394
3.58208955223882,106.820892333984,102.682968139648,100.956764221191,100.765319824219,96.6273880004883,95.1791076660156,95.1544036865234,95.030876159668,91.9891891479492,90.4575424194336,94.7190017700195,98.6654663085938,99.3448257446289,95.2068939208984,87.2552795410156,82.9938201904297,83.2563095092773,95.5465774536133,100.610916137695,100.218727111816,96.2043151855469,95,95.9727249145508,99.8636093139648,97.5290832519531,95.0432281494141,95.1667556762695,94.9567718505859,94.8208999633789,94.8208999633789,95.7620185852051,5.08040571407524
4.17910447761195,95.4179077148438,99.2676239013672,101,100.586212158203,96.4482727050781,97.5959854125977,100.791046142578,100.791046142578,94.6922302246094,90.2413787841797,94.3793106079102,95.1224899291992,93.5537796020508,89.4158477783203,92.7292861938477,94.5820922851562,94.8033981323242,99.2295455932617,101,99.7802429199219,91.6484832763672,92.0046234130859,96.0344848632812,100.172409057617,104.079772949219,105.18424987793,101.1904296875,104.385482788086,104.784866333008,100.791046142578,97.7234514872233,4.42324623558044
4.77611940298507,89.2388076782227,89.4035034179688,93.8481750488281,100.586212158203,96.4482727050781,95.107048034668,96.033447265625,100.006690979004,97.7730255126953,94.8106002807617,94.9752960205078,91.6227493286133,89.1729278564453,89.0082321166992,89.1564636230469,87.2521896362305,83.6845092773438,87.8224487304688,94.2454986572266,100.950592041016,100.621208190918,100.637680053711,99.8090515136719,96.0005035400391,98.5491485595703,101.181159973145,101.016471862793,101.148223876953,101.164695739746,101,95.40916112264,5.26956346608887
5.3731343283582,100.462684631348,100.462684631348,102.840454101562,105.922294616699,97.8317031860352,95,95.8275909423828,99.9655227661133,97.8965454101562,96.185791015625,100.13843536377,100.573852539062,97.3005676269531,89.395263671875,92.7550201416016,94.6387023925781,94.4719543457031,94.6572341918945,92.5820922851562,89.5373153686523,89.5373153686523,92.3041687011719,95.2223358154297,95.0370635986328,95.1482238769531,93.8852310180664,89.9325790405273,96.6520843505859,99.2213134765625,95.2686614990234,96.021822865804,4.03620730947743
5.97014925373135,101,97.0679321289062,93.2490997314453,90.6407623291016,98.0931549072266,103.257339477539,104.084915161133,92.4945907592773,89.4426116943359,90.5398864746094,94.6778182983398,98.6407623291016,100.835304260254,100.423568725586,93.1276397705078,91.2645416259766,95,95,94.8764801025391,94.7014923095703,94.7014923095703,92.0931549072266,91.2645416259766,99.1286697387695,100.70149230957,99.2532119750977,95.1152877807617,98.6109085083008,99.1379318237305,95,96.1141530354818,3.97033953523302
6.56716417910447,106.671646118164,98.6222381591797,90.5728225708008,84.1559448242188,92.4318008422852,100.560470581055,106.081832885742,101.490997314453,97.4096755981445,94.7395782470703,94.9660339355469,95.1924896240234,96.8929443359375,100.804428100586,100.569732666016,96.5450286865234,89.5239334106445,93.4354095458984,97.3468933105469,101.258369445801,105.16983795166,106.184768676758,106.128150939941,106.581062316895,103.542465209961,99.5517272949219,95.4137954711914,98.7241363525391,100.898101806641,100.671646118164,98.7379320780436,5.52332770481708
7.16417910447762,107,102.615028381348,98.2300567626953,94.3329925537109,94.8270721435547,97.8502349853516,101.308792114258,101.06175994873,97.8965454101562,93.8327331542969,89.9418487548828,92.6654663085938,98.2115249633789,106.240348815918,110.33814239502,110.091094970703,105.548629760742,98.0138931274414,92.8136901855469,89.7534790039062,90.0005187988281,90.0746307373047,91.0473480224609,94.9382400512695,98.6315002441406,100.913536071777,100.666496276855,104.365928649902,104.890892028809,101,98.6367474873861,6.04750327719593
7.76119402985075,95.776123046875,95.5084991455078,97.3695220947266,100.611938476562,100.611938476562,103.30158996582,105.837875366211,101.967575073242,97.8965454101562,94.9197082519531,94.6520767211914,98.1291809082031,102.374160766602,106.779716491699,103.577461242676,101.642311096191,100.974266052246,92.6984100341797,89.2274856567383,89.5805511474609,93.4508514404297,97.3211441040039,99.3232040405273,95.7205352783203,98.3103485107422,99.645393371582,95.7750930786133,99.1121978759766,99.525993347168,95.3880615234375,98.2336585998535,4.23936732362531
8.35820895522389,95,98.8497161865234,100.740608215332,101,101,106.191970825195,112.524444580078,112.236236572266,106.173446655273,100.582092285156,100.582092285156,100.827072143555,101.115287780762,101.403503417969,101.144111633301,99.0751495361328,95.1965942382812,90.7704544067383,89,90.1981506347656,98.185791015625,100.783843994141,99.9655151367188,95.8275909423828,92.1507949829102,92.4297409057617,99.8409729003906,97.3767395019531,95.288215637207,95,99.0153378804525,5.59938332011662
8.95522388059702,100.552238464355,100.861038208008,101,101,101,98.9125061035156,97.8749389648438,105.533195495605,106.984558105469,105.403503417969,101.574371337891,101,99.4683532714844,95.6392135620117,95.4477615356445,97.2079315185547,100.536796569824,100.227996826172,100.104476928711,100.771484375,105.218215942383,109.232620239258,111.06999206543,106.932067871094,102.794128417969,101.660835266113,106.107566833496,106.274322509766,102.658256530762,95,101.934945678711,3.98547273886348
9.55223880597015,101,104.808540344238,108.617080688477,110.902214050293,99.4765777587891,90.3124084472656,86.3721008300781,98.4565124511719,107.1904296875,110.138442993164,102.191970825195,97.7627410888672,96.8692779541016,100.348426818848,96.9042663574219,95.1646957397461,95.6680374145508,99.4765853881836,98.7148742675781,96.6695861816406,104.616058349609,115.228515625,120.153884887695,104.590324401855,104.260940551758,110.636642456055,122.391662597656,113.28409576416,104.989707946777,100.522384643555,103.257299550374,8.16830126684151
10.1492537313433,101,101.349975585938,101.69994354248,101.909942626953,100.860015869141,97.5754013061523,94.9526519775391,99.7905349731445,104.365936279297,106.161094665527,101.673187255859,103.922286987305,106.125061035156,106.475044250488,98.9629440307617,95,94.8281021118164,91.3901214599609,92.0777130126953,95.6731872558594,100.161094665527,99.5908355712891,96.240348815918,91.052490234375,96.3556365966797,101.874938964844,102.924858093262,102.084915161133,101.349975585938,101,99.614274597168,4.26301888210062
10.7462686567164,95.5373153686523,99.3046875,101,100.623268127441,96.8558959960938,92.84765625,90.3648986816406,94.5028381347656,101.466293334961,105.75862121582,101.62068939209,98.1127090454102,97.5815658569336,101.348937988281,100.833251953125,98.5790023803711,94.9814682006836,94.6109085083008,96.9454498291016,101.083374023438,105.221313476562,103.566131591797,101.311882019043,104.708702087402,102.967056274414,98.3628387451172,90.8281021118164,96.8558959960938,102.695320129395,106.462692260742,99.2312922159831,4.24737633494265
11.3432835820896,100.432838439941,100.82398223877,98.9392623901367,95.1533737182617,91.0154418945312,91.7483291625977,93.7617034912109,90.4060821533203,95.7740631103516,101.449821472168,101.05867767334,97.4827575683594,96.6551666259766,100.793106079102,101,100.804428100586,100.432838439941,100.432838439941,98.4194564819336,95.6258316040039,96.016975402832,95.8605194091797,97.5383453369141,105.423057556152,106.687088012695,104.84765625,100.318580627441,100.569732666016,101.17601776123,101.567161560059,98.7405044555664,3.98922023917138
11.9402985074627,90.1940307617188,90.1940307617188,96.1157989501953,105.764801025391,105.353065490723,105.476577758789,104.978385925293,100.840454101562,100.423568725586,102.117858886719,105.844055175781,106.053009033203,107.461135864258,111.599075317383,111.805969238281,109.94287109375,106.216674804688,102.490478515625,98.5172424316406,95,95,102.825012207031,111.414825439453,112.238288879395,109.422027587891,104.247550964355,96.383430480957,95.5970153808594,97.2738037109375,101,102.726367950439,6.26567775657692
12.5373134328358,94.3731384277344,98.0787506103516,102.497680664062,106.629440307617,102.923828125,101.626861572266,101.540390014648,101.10807800293,103.779205322266,107.614517211914,111.75244140625,109.223365783691,108.655166625977,112.793106079102,113,109.078231811523,101.790519714355,105.063827514648,108.337112426758,110.007720947266,102.596496582031,103.874931335449,110.406074523926,121.522903442383,123.400413513184,117.628921508789,101.941841125488,97.0380859375,96.8620681762695,101,106.204837290446,6.95878844169399
13.134328358209,105.686569213867,109.824501037598,109.908897399902,106.954711914062,106.501800537109,106.343284606934,105.60627746582,101.921257019043,101.33967590332,101.792587280273,102.245498657227,95.6639175415039,92.6253204345703,96.7632446289062,107.472465515137,108.862075805664,101.022644042969,101.475555419922,104.13948059082,106.415336608887,98.1394729614258,93.3942260742188,93.1523361206055,101.881103515625,106.574890136719,108.336082458496,106.524452209473,105.935668945312,105.890380859375,106.343284606934,103.291233317057,4.9850196134825
13.7313432835821,101.686569213867,105.824501037598,105.410705566406,102.053016662598,105.717445373535,107,104.706634521484,93.2398300170898,90.3731307983398,90.3731307983398,90.3731307983398,95.797737121582,99.8162612915039,100.289756774902,94.7004623413086,91.2727737426758,90.9227905273438,101.916107177734,104.398864746094,100.994850158691,96.3834228515625,97.2336578369141,100.779724121094,105.391143798828,103.760681152344,104.251670837402,111.580543518066,112.313430786133,110.664436340332,107,100.874213663737,6.5242806369153
14.3283582089552,106.283584594727,103.133819580078,101.444671630859,102.506950378418,117.57642364502,115.745239257812,105.24600982666,96.4760665893555,99.7493591308594,104.850746154785,104.850746154785,105.690689086914,107.741119384766,111.384979248047,103.705108642578,97.745246887207,94.7220764160156,103.492027282715,106.703552246094,105.662902832031,101.524963378906,103.180130004883,107.318061828613,111.455993652344,111.888320922852,114.463714599609,122.739570617676,117.008239746094,109.498199462891,101.716423034668,106.516831207275,6.51945857435982
14.9253731343284,122.761192321777,122.246520996094,116.03653717041,106.097274780273,104.532684326172,105.33659362793,106.069480895996,101.416877746582,106.460624694824,115.333511352539,125.599418640137,124.572830200195,120.068450927734,113.33659362793,108.580032348633,105.996398925781,106.102416992188,118.001541137695,122.761192321777,121.053527832031,109.669067382812,114.222846984863,121.078224182129,114.346366882324,110.10139465332,109.37467956543,114.027282714844,113.566139221191,112.536804199219,111.507461547852,113.426465606689,6.80293644341048
15.5223880597015,104.104476928711,107.707153320312,106.463714599609,101.722595214844,101.187339782715,110.714874267578,121.123519897461,113.382919311523,109.548629760742,107.150283813477,105.064163208008,101.309829711914,98.452392578125,97.3818740844727,103.664947509766,107,107.26042175293,112.468856811523,114.552238464355,113.770980834961,108.562530517578,108.124031066895,109.961395263672,112.493560791016,118.336082458496,123.909759521484,127.447250366211,118.61417388916,113,113,109.915999857585,7.20155275852092
16.1194029850746,111.388061523438,111.943908691406,107.948013305664,101.358207702637,104.940299987793,105.310859680176,102.568710327148,94.292854309082,97.1801300048828,103.788475036621,110.396812438965,107.870819091797,106.82088470459,110.402976989746,118.444152832031,117.208953857422,107.206893920898,111.344825744629,117.29850769043,121.692749023438,110.390632629395,107,107.138954162598,107.694801330566,111.560989379883,118.326293945312,128.938751220703,119.448280334473,111.388061523438,107.805969238281,109.969994354248,7.24916887918972
16.7164179104477,113,113,110.407104492188,106.577980041504,110.71590423584,107.159545898438,100.769424438477,99.616569519043,102.864128112793,104.373138427734,98.4029846191406,103.072052001953,108.655166625977,112.793106079102,107.328353881836,103.478637695312,101.864631652832,102.441070556641,105.500259399414,109.248077392578,107.518783569336,104.506942749023,101.835815429688,101.835815429688,99.44775390625,99.3256072998047,104.520324707031,106.775260925293,107.576431274414,107,105.387029012044,4.20098820947327
17.3134328358209,102.731346130371,109.813179016113,110.724136352539,107.059700012207,107.656723022461,109.391143798828,111.268653869629,111.268653869629,111.716415405273,109.651565551758,101.375701904297,107.168807983398,115.205856323242,122.884712219238,108.678848266602,101,101,101,101.358215332031,102.927955627441,110.009780883789,109.237777709961,106.134330749512,106.134330749512,102.823989868164,101.58260345459,105.720542907715,116.232116699219,117.622749328613,107,107.879327901204,5.44975191536017
17.910447761194,106.104476928711,120.834274291992,121.637161254883,111.752449035645,108.232109069824,109.689651489258,114.408126831055,121.448791503906,117.92845916748,110.517242431641,102.24137878418,105.042205810547,105.573341369629,99.7678756713867,100.475036621094,101,100.82398223877,97.3036499023438,102.232116699219,112.890380859375,124.09984588623,124.976837158203,122.313430786133,122.313430786133,116.186820983887,110.192993164062,107.290267944336,108.667526245117,110.436950683594,112.104476928711,110.949509684245,8.16668611530208
18.5074626865672,112.07462310791,111.021270751953,111.477607727051,113.927780151367,123.205520629883,126.867561340332,127.63338470459,128.909759521484,126.084228515625,120.666496276855,112.390632629395,108.716934204102,105.089553833008,100.313430786133,100.680908203125,102.749877929688,106.217712402344,109.079254150391,109.27278137207,107.671646118164,105.980102539062,107.550178527832,109.776123046875,109.776123046875,103.155433654785,97.5527496337891,96.9145660400391,106.300048828125,110.786926269531,107.92537689209,110.658953094482,8.72871867229443
19.1044776119403,123.089553833008,111.993309020996,105.448783874512,103.445022583008,108.790702819824,119.330596923828,129.420135498047,126.520843505859,117.556182861328,109.470413208008,108.152862548828,118.731521606445,127.466461181641,130.286834716797,124.36833190918,116.289764404297,107.032936096191,107.691711425781,109.6474609375,111.424087524414,107.286155700684,101.635101318359,97.7802276611328,101.259391784668,103.684509277344,106.307250976562,109.786415100098,105.650543212891,102.613998413086,101.955223083496,111.803877766927,9.26756130333805
19.7014925373134,109.955223083496,107.917144775391,106.626342773438,107.12043762207,118.175506591797,119.24137878418,114.986099243164,110.961395263672,116.208435058594,122.044776916504,122.044776916504,124.258361816406,128.628921508789,135.649002075195,134.816772460938,126.54606628418,112.360778808594,119.277923583984,124.181686401367,125.637161254883,115.158515930176,106.221817016602,100.184768676758,100.864128112793,104.310348510742,110.869270324707,121.924346923828,115.581573486328,114.142562866211,121.059707641602,116.565174357096,9.17169358556451
20.2985074626866,107,110.437980651855,117.342590332031,126.663238525391,132.201049804688,129.132446289062,122.830154418945,122.130210876465,118.373138427734,115.029853820801,115.029853820801,123.30965423584,129.667510986328,130.950759887695,128.293182373047,120.362152099609,108.256813049316,113.094703674316,119.505416870117,125.548294067383,123.565101623535,121.990219116211,119.221313476562,112.345352172852,111.530113220215,112.720016479492,114.819869995117,110.675750732422,110.191970825195,115.029853820801,118.908285522461,7.23531191932565
20.8955223880597,125.995025634766,123.867721557617,124.033279418945,126.227478027344,129.795837402344,123.892425537109,115.089553833008,115.089553833008,119.134841918945,120.860008239746,114.02522277832,122.965515136719,130,130,120.231094360352,114.008758544922,112.475379943848,122.878540039062,127.904449462891,127.676956176758,117.994338989258,119.873901367188,122.931030273438,114.655166625977,120.746101379395,123.650886535645,113.96826171875,109.275863647461,107.324241638184,108.044776916504,120.153873697917,6.54664081073077
21.4925373134328,116.044776916504,115.427169799805,115.149253845215,116.173446655273,126.415336608887,128.635101318359,126.389083862305,123.558410644531,123.962425231934,124.555328369141,123.073089599609,124.635620117188,123.178070068359,116.384452819824,110.822952270508,109.773025512695,113.444671630859,122.338134765625,125.895523071289,124.051986694336,111.761703491211,109.112190246582,110.702514648438,112.617080688477,120.114776611328,126.151313781738,126.882141113281,117.626358032227,110.396812438965,107,118.742425028483,6.57818525933782
22.089552238806,131.766174316406,118.823989868164,116.713844299316,123.006866455078,125.1650390625,117.142211914062,106.211349487305,105.576599121094,107.950073242188,110.313430786133,110.313430786133,113.183219909668,117.300559997559,122.529594421387,124.740264892578,126.147033691406,127.284439086914,135.560302734375,136.844909667969,130.678161621094,108.69841003418,102.104476928711,106.374504089355,123.454620361328,130.79035949707,133.015609741211,130.274139404297,125.52547454834,119.409675598145,111.895523071289,119.959809621175,9.95225855539273
22.6865671641791,131.134323120117,118.627899169922,112.014923095703,110.738548278809,114.094192504883,108.872367858887,102.342254638672,109.053527832031,118.448783874512,122.799446105957,113.29182434082,118.235206604004,123.35717010498,124.921768188477,125.61930847168,129.021270751953,135.111679077148,140.031921386719,137.503860473633,129.023666381836,114.952651977539,108.382400512695,110.026756286621,126.671127319336,133.310348510742,134.551727294922,130.413787841797,126.896553039551,128.574371337891,136.51741027832,122.484702555339,10.3398350772866
23.2835820895522,111.462692260742,112.522903442383,108.889862060547,102.911483764648,110.384460449219,118.098297119141,122.804420471191,114.960884094238,119.708702087402,126.121467590332,126.625839233398,128.066390991211,127.918159484863,125.138961791992,115.4951171875,111.228515625,112.667007446289,113.46989440918,120.498207092285,129.658782958984,127.383941650391,124.194030761719,122.971687316895,128.82861328125,128.4189453125,128.993301391602,134.304672241211,137.235198974609,139.725158691406,142,122.422919972738,9.6591658735584
23.8805970149254,111.805969238281,106.000511169434,102.482238769531,101.496139526367,106.457542419434,107.556182861328,106.304504394531,103.971343994141,109.594955444336,115.593933105469,116.280151367188,113.565795898438,115.279975891113,124.537139892578,128.425796508789,130.228851318359,130.394577026367,133.709030151367,136.928802490234,139.114776611328,135.800308227539,132.005493164062,129.176528930664,129.862747192383,127.24137878418,125.528388977051,127.0380859375,127.93017578125,128.383087158203,128.383087158203,121.035916646322,11.6315794644572
24.4776119402985,122.552238464355,110.982498168945,105.776123046875,106.189918518066,110.327835083008,117.293701171875,124.084579467773,124.084579467773,118.351181030273,112.011840820312,108.717964172363,110.306228637695,112.78897857666,115.321151733398,116.917831420898,122.357864379883,131.760162353516,142.485855102539,148.752456665039,150.931564331055,146.793609619141,140.349975585938,133.952651977539,130.658767700195,132.072387695312,129.336929321289,116.710411071777,115.447761535645,115.447761535645,115.447761535645,122.940419006348,13.0067032292992
25.0746268656716,106.014923095703,100.147705078125,101.10807800293,107.413795471191,111.551727294922,120.62068939209,129.454452514648,126.726707458496,124.207412719727,122.23314666748,121.368499755859,121.973754882812,122.492538452148,122.492538452148,116.273292541504,120.498718261719,134.8759765625,137.46989440918,139.026245117188,139.631500244141,138.766860961914,135.005661010742,132.674224853516,138.356155395508,137.565628051758,130.448272705078,114.586212158203,110.054046630859,106.780746459961,103.507461547852,122.444228871663,12.4965320447744
25.6716417910448,123.796020507812,120.200210571289,114.18888092041,108.064331054688,118.707672119141,125.825012207031,129.310333251953,125.86206817627,120.120941162109,117.518783569336,124.024192810059,125,125,125,128.983184814453,132.776290893555,136,136,137.951629638672,140.228515625,136.975799560547,133.103454589844,129.76496887207,128.824829101562,122.724304199219,119.958305358887,125.780921936035,125.566482543945,126.144958496094,128.512435913086,126.397150929769,7.23862055008705
26.2686567164179,112.034828186035,108.047866821289,111.869789123535,122.247207641602,134.122329711914,138.769256591797,135.451370239258,115.842514038086,107.157485961914,106.109619140625,114.385482788086,115.62686920166,118.212554931641,124.676788330078,132.206893920898,136,136,136,134.604217529297,133.460632324219,139.01904296875,142.314971923828,139.157470703125,119.548645019531,114.177558898926,116.160743713379,125.191452026367,126.094528198242,126.502143859863,127.407958984375,124.946674092611,11.037502605987
26.865671641791,107,109.285125732422,112.351516723633,115.627899169922,115.041175842285,114.835823059082,114.397323608398,112.20484161377,110.9619140625,110.869270324707,112.72208404541,118.459594726562,124.125061035156,128.654144287109,133.545028686523,137.605758666992,140.201736450195,131.102416992188,121.126098632812,112.908905029297,117.973236083984,120.141014099121,118.681930541992,110.066390991211,110.912506103516,116.83324432373,127.785385131836,126.471954345703,125,125,119.396379343669,8.77343345796625
27.4626865671642,107,104.756050109863,103.746269226074,104.289756774902,109.724655151367,119.577621459961,128.91438293457,126.670440673828,124.115112304688,122.253730773926,122.253730773926,128.836166381836,133.798248291016,134.58740234375,132.4951171875,133.442108154297,137.238967895508,134.555847167969,128.267974853516,121.421516418457,125.027626037598,130.576782226562,134.328704833984,130.190765380859,130.120758056641,130.558578491211,130.05078125,118.281005859375,111.119400024414,111.119400024414,123.643963368734,10.3228480505337
28.0597014925373,107,115.543487548828,115.900665283203,110.070510864258,108.835311889648,112.87459564209,119.98112487793,127.996231079102,127.413787841797,123.097785949707,116.757080078125,117.313774108887,118.378112792969,118.378112792969,117.458908081055,115.873733520508,113.464065551758,107.123352050781,107.327163696289,112.756561279297,123.073944091797,127.52375793457,130.186309814453,135.031051635742,133.463714599609,131.064331054688,130.096755981445,124.28409576416,117.937728881836,111.597015380859,119.260102335612,8.20939634907839
28.6567164179104,120.70149230957,117.36644744873,119.687080383301,125.579002380371,121.966033935547,121.343795776367,123.21923828125,128.643844604492,131.744735717773,131.835311889648,126.709205627441,123.709213256836,122.134323120117,122.134323120117,116.149765014648,112.505920410156,111.783325195312,116.106536865234,115.241897583008,113.350494384766,125.239318847656,126.968597412109,123.090576171875,115.452903747559,113.134841918945,115.799789428711,125.249099731445,125.452911376953,121.275863647461,113,120.885862986247,5.72711439995277
29.2537313432836,111.388061523438,112.499740600586,118.014068603516,126.13484954834,125.294219970703,125,125.168121337891,126.008750915527,122.281692504883,120.181854248047,125.431465148926,120.184768676758,114.673690795898,111.54451751709,112.444160461426,113,113.413787841797,121.689651489258,129.109115600586,135.359069824219,138.217193603516,132.279968261719,126.459938049316,132.299713134766,135.971008300781,132.675415039062,117.448097229004,113.109107971191,111.888320922852,113,122.072344970703,8.356407887096
29.8507462686567,107,117.355117797852,126.281692504883,132.693756103516,126.994674682617,125,125.518096923828,128.108596801758,127.212219238281,126.388748168945,128.447418212891,127.00634765625,121.836334228516,111.999313354492,112.485336303711,113,113.413787841797,121.689651489258,128.304168701172,131.663925170898,122.856231689453,122.524444580078,124.174812316895,120.874076843262,126.011154174805,130.614501953125,130.309143066406,118.627548217773,115.934112548828,125.771141052246,123.003211720785,6.57327449224141
30.4477611940298,111.477607727051,123.376731872559,129.790008544922,131.072570800781,126.574371337891,125,123.939781188965,118.638702392578,121.945442199707,127.040657043457,129.613998413086,130,127.780746459961,122.232627868652,124.39990234375,127.230575561523,130.114761352539,129.126602172852,127.712303161621,126.671646118164,129.358200073242,131.634063720703,131.268646240234,123.507461547852,118.694290161133,119.780746459961,130.454971313477,127.900161743164,127.02522277832,130,126.112093353271,4.64211386694605
31.044776119403,108.55224609375,114.652770996094,120.772171020508,126.766693115234,131.498199462891,133.154235839844,132.726028442383,130.585006713867,136.256652832031,140.476928710938,135.234191894531,131.840454101562,130.870132446289,133.045471191406,122.831192016602,116.399551391602,114.909072875977,123.040832519531,129.132446289062,134.368850708008,142.466293334961,144.895523071289,142.104293823242,130.939437866211,124.948699951172,122.957107543945,125.990226745605,128.594100952148,128.849716186523,126.293533325195,128.838402048747,8.56144418732718
31.6417910447761,102.582084655762,100.626350402832,102.622230529785,108.137756347656,116.23176574707,124.675933837891,129.855560302734,121.222846984863,120.701316833496,124.164009094238,130.614517211914,130.654663085938,129.420822143555,127.97289276123,123.927093505859,121.29027557373,120.544342041016,126.356658935547,131.709899902344,135.870300292969,135.005661010742,136.879058837891,139.869277954102,142.689666748047,140.0888671875,135.384628295898,129.290954589844,132.242065429688,134.008743286133,133.099502563477,126.257991536458,11.1236317757451
32.2388059701493,109.776123046875,114.716926574707,114.222839355469,110.603713989258,118.879570007324,125.462692260742,129.370040893555,126.220268249512,125.432830810547,126.37776184082,129.527542114258,130,129.629425048828,128.703033447266,120.51106262207,116.22388458252,116.850234985352,129.377258300781,135.055084228516,135.001037597656,128.341217041016,122.884719848633,121.878540039062,132.67626953125,131.928985595703,128.788986206055,126.565620422363,137.784362792969,143.414306640625,140.388061523438,126.219746653239,8.36574018846792
32.8358208955224,129.706466674805,128.96533203125,122.702514648438,113.226455688477,115.490997314453,120.804260253906,126.869094848633,129.373825073242,128.121459960938,124.564758300781,118.553436279297,124.890380859375,131.202255249023,134.207931518555,128.455139160156,124.095901489258,121.632865905762,119.9619140625,124.403160095215,131.330413818359,129.254592895508,121.085433959961,115.304847717285,124.524276733398,130.021606445312,132.990051269531,132.990051269531,139.601470947266,143.132263183594,142,126.982105255127,7.35959891645402
33.4328358208955,131.671646118164,122.061080932617,114.297988891602,108.970161437988,111.955223083496,119.996223449707,128.30158996582,126.774749755859,121.194892883301,118.188896179199,124.340888977051,130.577453613281,132.600448608398,128.280670166016,129.332656860352,131.012176513672,132.670776367188,127.379997253418,125.731010437012,126.393035888672,126.393035888672,125.84782409668,125.840110778809,128.14582824707,128.307769775391,128.935333251953,131.422882080078,135.395782470703,135.208953857422,129.736328125,126.23218053182,6.39734360741165
34.0298507462687,130,124.20484161377,122.310348510742,123.347923278809,122.05094909668,119.904266357422,117.032417297363,113.090065002441,112.567672729492,117.406585693359,132.09521484375,132.776123046875,130.840957641602,128.689651489258,132.327331542969,133.402984619141,131.519302368164,127.875450134277,122.273803710938,117.292335510254,123.221305847168,129.488922119141,133.557373046875,130.592895507812,127.24137878418,126.206893920898,129.655166625977,133.724136352539,136.365936279297,137.179107666016,126.608044687907,6.74737954659428
34.6268656716418,126.442779541016,116.616058349609,117.598724365234,126.588600158691,128.046829223633,127.004974365234,124.85572052002,123.661689758301,128.674560546875,134.121795654297,135.755020141602,132.482757568359,132.355117797852,138.242919921875,136.874938964844,133.931030273438,130.097442626953,132.046310424805,131.393035888672,129.279815673828,128.723968505859,128.372268676758,127.875625610352,126.681587219238,127.609359741211,129.935821533203,133.874771118164,137.992797851562,138.156448364258,133.462677001953,129.958514912923,5.31886381598595
35.2238805970149,132.771148681641,126.203979492188,120.697372436523,116.623603820801,117.635787963867,121.79035949707,126.954879760742,129.390975952148,131.821929931641,133.158004760742,131.943389892578,135.69841003418,140.618637084961,145.971160888672,139.530624389648,133.931030273438,130.206893920898,134.344833374023,137.753982543945,139.618118286133,135.480178833008,129.778686523438,125.609024047852,128.045120239258,129.342071533203,131.448272705078,135.586196899414,142.355117797852,142.514663696289,134.238800048828,132.035441843669,7.19805195806649
35.8208955223881,128.283584594727,121.242919921875,116.149765014648,113.822441101074,122.046829223633,126.531127929688,128.229537963867,126.839942932129,126.492538452148,127.218223571777,129.637161254883,139.501800537109,144.380844116211,139.810607910156,132.179626464844,130.326812744141,134.41584777832,138.553771972656,140.950073242188,142.685546875,147.255783081055,142.97785949707,136.457015991211,134.583633422852,136.531127929688,139.866180419922,144.004119873047,144.028823852539,141.373138427734,136,133.74588953654,8.74870192942597
36.4179104477612,132.661682128906,130.150100708008,126.113739013672,121.714019775391,125.272079467773,126.51741027832,126.788467407227,128.143768310547,130.644195556641,132.110992431641,130.275344848633,135.652084350586,139.790008544922,140.160568237305,132.515869140625,131.074798583984,136.206893920898,140.344833374023,140.270721435547,138.629959106445,144.023666381836,141.866180419922,137.506942749023,136.251159667969,139.310348510742,142.439514160156,143.6953125,137.502838134766,133.076675415039,131.820892333984,134.417702229818,6.02738249419296
37.0149253731343,136,141.723114013672,138.289932250977,128.457717895508,128.457717895508,132.177734375,136.396636962891,134.598739624023,132.960388183594,130.752456665039,127.091445922852,129.654144287109,134.650543212891,141.650024414062,139.574890136719,137.505920410156,136.063827514648,137.340194702148,137.084930419922,136.620697021484,140.75862121582,139.103454589844,134.688446044922,129.442276000977,131.321838378906,133.70149230957,133.70149230957,129.257858276367,128.903076171875,134.149261474609,134.402629089355,4.19035878817303
37.6119402985075,144.238800048828,149.673706054688,143.729278564453,130,130,135.379302978516,141.172409057617,137.034484863281,132.896545410156,129.675750732422,128.594955444336,131.766342163086,136.293350219727,141.728240966797,136.602157592773,134.533187866211,136,136,132.874938964844,128.997421264648,132.661849975586,132.853302001953,130.694274902344,125.94905090332,125.864646911621,129.384460449219,137.433868408203,137.266082763672,137.741638183594,140.119400024414,134.905314890544,5.61960801907384
38.2089552238806,148,146.497161865234,142.922271728516,138.461151123047,141.281524658203,149.481231689453,156.402481079102,146.623779296875,143.190948486328,142.268661499023,142.268661499023,143.388580322266,140.381530761719,130.887634277344,127.909591674805,129.836166381836,136,136,136.242919921875,137.174819946289,141.093170166016,140.294387817383,137.90461730957,136.806655883789,134.330749511719,132.816940307617,133.729614257812,133.820892333984,136.359237670898,142,139.479179382324,6.23259982168284
38.8059701492537,139.880599975586,141.342254638672,142,142.413787841797,146.551727294922,152.429229736328,156.51774597168,149.703552246094,150.099853515625,153.739593505859,159.339172363281,153.039627075195,142.588439941406,129.059539794922,128.383087158203,129.609710693359,132.080291748047,134.880096435547,140.162643432617,146.260437011719,147.598556518555,143.143585205078,139.340179443359,144.939788818359,144.989196777344,142.671142578125,138.533203125,138.119400024414,136.803909301758,133.880599975586,142.670031738281,8.03502763033092
39.4029850746268,136,142.917144775391,147.558410644531,149.91764831543,148.497161865234,150.689666748047,153.172409057617,149.034484863281,146.934646606445,147.589309692383,153.085952758789,148.083374023438,141.227996826172,134.372619628906,134.029846191406,135.419448852539,138.127624511719,139.486358642578,143.327850341797,147.583114624023,144.803924560547,140.122497558594,137.374160766602,142.870819091797,143.970153808594,142.521881103516,138.383941650391,137.970153808594,135.496658325195,130,142.685641988118,6.15042657845852
40,140,142.75862121582,146.275848388672,150.137939453125,151.517242431641,156.482757568359,160.068954467773,150.413787841797,144.896545410156,143.24137878418,147.379302978516,142.137939453125,137.448272705078,136.068969726562,136,136.689651489258,137.747131347656,132.689666748047,132.873565673828,136.620697021484,140.75862121582,142.965515136719,143.655166625977,142.275863647461,142,139.586212158203,132.689651489258,122.482765197754,113.56322479248,106.66667175293,139.603065490723,11.0268125816527
40.5970149253731,142,139.261962890625,141.811614990234,148.139984130859,149.539886474609,151.849716186523,152.701995849609,145.764282226562,142.979919433594,143.24137878418,147.379302978516,143.292846679688,139.970153808594,139.970153808594,139.970153808594,138.601135253906,135.871673583984,133.305206298828,136.264190673828,142.330413818359,145.130218505859,145.033447265625,144.364379882812,145.702514648438,143.779724121094,140.061767578125,134.523941040039,124.622749328613,117.650527954102,114.850738525391,140.332199350993,8.67140397248968
41.1940298507463,145.940307617188,139.084930419922,137.562530517578,140.934631347656,149.086975097656,151.940292358398,151.656188964844,150.235702514648,147.842514038086,146.366455078125,147.786926269531,146.792602539062,145.940307617188,145.940307617188,143.358734130859,141.289764404297,139.940307617188,139.940307617188,140.014419555664,140.119400024414,140.119400024414,141.027267456055,142.355117797852,143.775604248047,145.097290039062,145.443130493164,144.022659301758,136.645401000977,132.223876953125,132.223876953125,143.156907653809,5.00669634329732
41.7910447761194,144.089553833008,143.904266357422,145.304168701172,147.893981933594,149.520324707031,148.33659362793,147.257843017578,152.651565551758,156.964477539062,159.731338500977,159.731338500977,162.023681640625,162.563034057617,159.866180419922,150.67626953125,145.910446166992,146.045288085938,148.742156982422,145.720016479492,139.505920410156,136.809051513672,137.008743286133,138.089553833008,138.089553833008,141.39990234375,145.033447265625,147.730316162109,142.978897094727,138.696868896484,136,147.275826009115,7.87249370824288
42.3880597014926,142,143.461654663086,147.867202758789,153.85383605957,152.392166137695,147.451354980469,143.655166625977,151.931030273438,162.214111328125,169.880599975586,169.880599975586,171.123016357422,171.415328979492,169.953674316406,155.545028686523,146.661865234375,144.326293945312,148.464233398438,149.97119140625,149.541946411133,148.080276489258,143.895004272461,139.211532592773,136.535263061523,137.169326782227,138.630981445312,140.092636108398,138.923309326172,138.665985107422,139.880599975586,149.755840555827,11.1170318457488
42.9850746268657,145.85075378418,145.85075378418,148.941848754883,154,154,152.073089599609,150.294387817383,153.258880615234,161.318588256836,166.555847167969,161.24446105957,160.44775390625,163.634582519531,171.601654052734,158.798767089844,147.126098632812,138.356155395508,142.494079589844,146.632019042969,150.149261474609,150.149261474609,148.074111938477,144.816268920898,140.678344726562,137.726196289062,136.929489135742,139.585174560547,139.85075378418,141.712829589844,145.85075378418,149.933405558268,9.09351342451639
43.5820895522388,148,150.635101318359,152.647445678711,154,154,154,154,154,156.254241943359,156.665985107422,151.02522277832,150.179107666016,153.036529541016,160.180130004883,163.764266967773,161.890884399414,154.652587890625,145.615020751953,144.482757568359,148.395263671875,151.030364990234,151.820892333984,150.786407470703,146.648483276367,144.618621826172,147.856918334961,159.900146484375,153.989700317383,149.132263183594,148,152.373611450195,4.88870248441635
44.1791044776119,144.208953857422,150.961395263672,154,153.738555908203,151.124038696289,148.509521484375,145.895004272461,143.280487060547,144.587738037109,145.960891723633,144.437469482422,146.431289672852,149.655166625977,153.793106079102,163.309310913086,167.447235107422,165.6953125,159.601654052734,154.940826416016,151.627395629883,150.536285400391,152.039108276367,153.619140625,152.095733642578,151.791046142578,153.923828125,160.017486572266,156.513641357422,153.314468383789,151.791046142578,152.494904581706,6.13533972654323
44.7761194029851,145.761199951172,148.849197387695,148.812133789062,146.323226928711,144.779205322266,144.921249389648,144.933609008789,140.795684814453,138.973754882812,138.238800048828,138.238800048828,141.756042480469,146.931549072266,153.66340637207,156.933609008789,157.180648803711,155.105499267578,162.887283325195,161.034484863281,153.379318237305,149.24137878418,149.080795288086,150.238800048828,150.238800048828,150.238800048828,149.330932617188,146.737014770508,146.477615356445,146.477615356445,146.477615356445,148.46793568929,6.13397488392806
45.3731343283582,148,148,145.724136352539,142.514663696289,147.661346435547,153.825012207031,157.337112426758,148.052505493164,142.627899169922,140.503356933594,143.076690673828,146.979919433594,149.685012817383,150.240859985352,152.713333129883,153.217712402344,152.223358154297,162.063812255859,164.122497558594,160.456008911133,153.744720458984,149.929992675781,149.93000793457,157.650024414062,159.194030761719,155.944412231445,146.659820556641,143.415344238281,140.841995239258,138.268661499023,150.153474934896,6.71199266188551
45.9701492537314,148,148,148.532165527344,149.464752197266,150.082336425781,152.359237670898,153.944412231445,149.188888549805,148.725677490234,151.410186767578,158.100875854492,156.112197875977,151.323715209961,144.633041381836,148.229537963867,151.574890136719,154.413787841797,162.689651489258,167.531646728516,168.077194213867,157.248580932617,149.316513061523,146.763763427734,156.624801635742,158.597015380859,156.039108276367,148.730834960938,141.978378295898,137.585174560547,136,151.709278869629,7.27735099493468
46.5671641791045,151.671630859375,146.607299804688,145.211517333984,146.242919921875,142.10498046875,142.302612304688,145.341217041016,150.405548095703,152.875946044922,154.203811645508,154.883163452148,154.407623291016,152.715377807617,149.503860473633,155.679870605469,157.28564453125,154.160568237305,157.372100830078,162.658782958984,167.605758666992,162.788467407227,153.777648925781,148.373641967773,159.181671142578,157.291809082031,150.779205322266,141.576934814453,137.766326904297,138.278961181641,143.343292236328,151.213273111979,7.3707897092198
47.1641791044776,150.358215332031,147.105499267578,147.023147583008,148.86979675293,144.731857299805,144.340698242188,146.794647216797,152.558929443359,154,153.512100219727,151.885726928711,153.024185180664,152.995361328125,150.483795166016,155.834289550781,159.601654052734,160.906845092773,153.372100830078,150.802886962891,152.186309814453,157.20947265625,153.54296875,149.84765625,157.238311767578,162.142059326172,159.70149230957,144.776123046875,138.762741088867,138.593933105469,144.358215332031,151.218700663249,5.97958405721018
47.7611940298508,158.835815429688,153.85383605957,152.51774597168,153.586212158203,149.448272705078,146.380859375,144.71745300293,146.364395141602,150.512603759766,154,154,151.882659912109,149.729278564453,148.082336425781,151.931030273438,158.137939453125,165.503860473633,155.5810546875,149.129180908203,146.47966003418,152.264541625977,152.847137451172,153.269165039062,159.898086547852,161.190948486328,157.986618041992,148.907867431641,142.79362487793,140.353057861328,142,151.739508056641,5.84618856588179
48.3582089552239,169.582092285156,166.247039794922,163.387542724609,160.997436523438,159.32991027832,152.845092773438,144.593933105469,139.653106689453,144.624801635742,150.417907714844,150.417907714844,151.100357055664,153.558410644531,158.499237060547,155.636657714844,155.667526245117,158.669067382812,155.334014892578,152.999481201172,152.573333740234,159.181686401367,162.893463134766,165.580032348633,168.915069580078,160.985076904297,153.416366577148,151.748840332031,150.081329345703,149.164184570312,149.164184570312,155.575503031413,7.27008298831365
48.955223880597,172,164.650543212891,160.414825439453,159.385482788086,164.285125732422,159.523422241211,149.897064208984,141.621215820312,142.084411621094,145.91764831543,150.817306518555,157.151824951172,163.43489074707,169.260940551758,166.344818115234,160.981979370117,153.877502441406,151.427688598633,151.91764831543,155.24137878418,163.517242431641,167.181671142578,168.44775390625,168.44775390625,160.476577758789,152.285125732422,147.385482788086,151.305206298828,156.204833984375,161.104476928711,157.886394755046,8.21438017441465
49.5522388059702,168.477600097656,156.063812255859,150.477615356445,151.062286376953,156.908905029297,159.89192199707,158.903747558594,148.198654174805,147.344299316406,151.527526855469,159.80339050293,163.949554443359,167.655166625977,171.793106079102,172,168.22233581543,160.716415405273,154.14924621582,155.462677001953,160.82861328125,159.387542724609,157.254760742188,156.040130615234,158.469375610352,156.221313476562,151.953674316406,146.107040405273,150.784362792969,155.537841796875,158.955230712891,157.804938252767,6.89878988314116
50.1492537313433,155.522399902344,150.334533691406,148,148.413787841797,152.551727294922,159.379302978516,165.444152832031,162.664947509766,163.267105102539,164.792587280273,165.842514038086,166,164.764801025391,161.676788330078,161.522399902344,163.06640625,165.947509765625,164.897567749023,166.552764892578,168.612457275391,162.745239257812,156.402465820312,153.129180908203,159.675765991211,160.985076904297,158.693771362305,152.147201538086,153.048889160156,152.916107177734,150.507461547852,159.316830444336,6.18267833195095
50.7462686567164,148,150.388061523438,154.089538574219,158.801864624023,162.939788818359,165.110656738281,166.349960327148,168.099838256836,168.537307739258,166.579528808594,160.053527832031,159.074630737305,156.719512939453,150.83171081543,150.537322998047,155.869277954102,166.206893920898,170.344833374023,172,171.737518310547,169.987640380859,165.341217041016,160.009262084961,156.344833374023,157.522384643555,157.849716186523,154.349975585938,154,155.36181640625,158.388061523438,160.380889383952,6.94635709298806
51.3432835820895,148,149.770462036133,157.723114013672,169.609893798828,171.380340576172,166.232635498047,159.134338378906,159.134338378906,159.134338378906,159.492538452148,160.686553955078,160.865661621094,158.263488769531,151.758102416992,151.432830810547,156.455993652344,166.206893920898,170.344833374023,172,171.644882202148,169.277404785156,162.356140136719,153.781768798828,146.102935791016,149.771484375,154,154,162.522888183594,170.390121459961,176.29850769043,160.592416381836,8.24156467520335
51.9402985074627,148,148,153.231079101562,161.791046142578,161.791046142578,158.29850769043,154,154,152.239837646484,151.671646118164,155.253723144531,161.775604248047,162.689651489258,154.413787841797,151.770462036133,155.908386230469,166.089553833008,167.880599975586,168.597015380859,167.624298095703,161.13948059082,153.790008544922,148.138961791992,148.694793701172,151.671630859375,154,154,166.784362792969,175.402984619141,177.194030761719,158.19474995931,7.99867384129934
52.5373134328358,158.119400024414,158.119400024414,159.115798950195,160.281005859375,155.62841796875,154,154,154,150.896545410156,148,148,154.597015380859,159.665451049805,160.694808959961,159.02522277832,158.510543823242,159.486343383789,164.138961791992,166,165.456512451172,161.833251953125,156.221313476562,151.826034545898,153.637680053711,154,155.628402709961,160.281005859375,161.450332641602,163.974258422852,168.626861572266,157.840485636393,5.10097853924118
53.134328358209,169.343292236328,169.343292236328,169.343292236328,168.976852416992,165.312408447266,162.531127929688,159.303131103516,152.385986328125,149.28254699707,148,148,149.557373046875,153.044769287109,159.014938354492,163.694290161133,161.862075805664,154.183212280273,157.847671508789,163.463729858398,168.997436523438,166.691711425781,163.434875488281,160.686553955078,160.686553955078,156.997421264648,156.896545410156,165.172409057617,158.551727294922,157.724136352539,166,160.21097869873,6.67009951421691
53.7313432835821,172,169.714874267578,166.172912597656,162.059692382812,162.059692382812,165.311370849609,166.830673217773,154.416885375977,149.599578857422,147.314468383789,145.029342651367,144.686569213867,146.341735839844,150.479675292969,156.377777099609,157.52033996582,154.228515625,158.798767089844,163.9619140625,167.723114013672,161.300048828125,162.572311401367,166,166,159.379302978516,156.896545410156,165.172409057617,162.664947509766,163.322692871094,169.313430786133,159.77498626709,7.75867117633787
54.3283582089552,162.149261474609,158.011322021484,152.843017578125,147.659286499023,149.923828125,155.841491699219,161.02522277832,155.405044555664,150.896545410156,146.75862121582,142.620697021484,143.924865722656,148.750381469727,157.417388916016,155.327850341797,154,154.18733215332,157.934112548828,159.432830810547,158.870803833008,155.124038696289,159.793090820312,166,166,159.379302978516,156.896545410156,165.172409057617,166,167.862060546875,172,156.906911722819,7.16751055422647
54.9253731343284,160.507461547852,154.125579833984,150.212036132812,148.696853637695,150.590835571289,152.484817504883,154,154,150.896545410156,147.43180847168,145.537826538086,146.863616943359,152.965515136719,165.379318237305,162.401428222656,158.26350402832,154,154,152.65364074707,151.756057739258,158.487899780273,164.729797363281,169.253723144531,169.253723144531,164.428192138672,160.262481689453,159.562530517578,159.492538452148,160.344833374023,162.238800048828,156.494045511882,6.51643754666746
55.5223880597015,169.223876953125,165.394744873047,162.448776245117,160.003082275391,155.556350708008,154,154,154,150.896545410156,147.332992553711,145.109634399414,148.555847167969,155.300048828125,165.490478515625,161.775604248047,157.637680053711,154,154,152.851257324219,152.75244140625,162.94287109375,164.227478027344,163.995880126953,170.665985107422,170.468353271484,168.661865234375,167.056106567383,162.893463134766,158.446731567383,154,158.789603169759,7.12944701913841
56.1194029850746,175.194030761719,177.396820068359,176.112182617188,171.560485839844,163.284606933594,161.819869995117,163.141540527344,160.938751220703,152.328369140625,144.225433349609,142.290283203125,152.779205322266,162.817291259766,168.890380859375,163.424606323242,158.185287475586,154,154,156.643341064453,160.307769775391,159.772521972656,156.902725219727,157.103439331055,169.517242431641,175.524444580078,179.836334228516,183.974273681641,174.957275390625,166.461151123047,160.388061523438,163.459257507324,10.2299771262726
56.7164179104478,174.835815429688,181.155944824219,180.52392578125,173.790023803711,163.331954956055,163.779724121094,168.44465637207,166.48893737793,156.859497070312,148.328353881836,148.328353881836,158.687591552734,165.036529541016,162.627883911133,164.795684814453,161.862075805664,154,154,158.965515136719,164.75862121582,156.482757568359,157.055068969727,162.886260986328,173.117858886719,178.293365478516,182.284088134766,186.422027587891,175.663391113281,165.991760253906,159.671630859375,165.615643310547,10.0386533673482
57.3134328358209,168.865661621094,174.979934692383,174.368499755859,167.840454101562,157.588256835938,155.164184570312,157.893966674805,164.378799438477,163.035507202148,160.917129516602,163.078735351562,164.925384521484,162.689651489258,154.413787841797,157.755020141602,156.674224853516,151.189895629883,157.674713134766,163.937225341797,168.217193603516,162.102935791016,164.548645019531,170.122497558594,174.075149536133,173.136383056641,172.423065185547,174.399383544922,169.260925292969,164.221298217773,160.268646240234,164.338238525391,6.66201888535215
57.910447761194,169.104476928711,168.960372924805,168.97477722168,168.490997314453,162.356155395508,156.127624511719,153.159027099609,163.43180847168,167.605758666992,169.703552246094,171.700454711914,168.482757568359,162.689651489258,154.413787841797,158.067932128906,159.210494995117,157.61296081543,163.603698730469,167.198150634766,168.595977783203,166.599060058594,167.397827148438,168.895523071289,168.895523071289,162.159545898438,157.435913085938,159.576950073242,167.498718261719,172.208953857422,172.208953857422,164.745579528809,5.53883194542018
58.5074626865671,172,163.621200561523,160.960357666016,162.574371337891,160.556869506836,155.849716186523,153.004638671875,163.400939941406,169.103454589844,171.363861083984,169.243453979492,167.210510253906,164.386001586914,160.351013183594,159.953674316406,161.971160888672,166,166,163.455474853516,159.532669067383,157.412246704102,158.260406494141,160.910949707031,165.151824951172,161.158004760742,156.445693969727,154.22233581543,166.988159179688,176.833770751953,181.074630737305,163.633246358236,6.33635927349077
59.1044776119403,162.865661621094,150.451873779297,146.020568847656,148.330413818359,152.53010559082,151.310333251953,150.482757568359,162.896560668945,169.103454589844,169.498718261719,161.161087036133,159.910446166992,161.590316772461,165.790023803711,158.137939453125,156.0380859375,160.120422363281,164.320129394531,161.034484863281,153.379318237305,149.24137878418,149.426666259766,154.599075317383,169.174453735352,170.40966796875,165.413269042969,155.037567138672,159.502822875977,166.589813232422,174.865676879883,159.307769775391,7.67435018133602
59.7014925373134,154,145.744720458984,144.305709838867,148.441589355469,152.558929443359,155.364898681641,158.695831298828,166.951095581055,170.558929443359,168.275863647461,155.862075805664,154,155.646926879883,159.764282226562,156.058685302734,154,154.413787841797,162.689651489258,163.529602050781,159.721054077148,157.662368774414,157.044769287109,160.137924194336,172.510543823242,171.674743652344,165.367980957031,155.033462524414,154,154.917144775391,156.955230712891,158.196260070801,7.03347798050432
60.2985074626866,162.955215454102,160.875961303711,161.083877563477,162.749359130859,160.690689086914,164.011322021484,169.812652587891,173.950592041016,173.441070556641,169.51106262207,161.214630126953,159.970153808594,158.323211669922,154.205871582031,154,156.058685302734,160.281005859375,166.498199462891,167.749877929688,165.382400512695,161.265045166016,160.029846191406,160.549652099609,162.628921508789,164.675231933594,163.103439331055,154.827590942383,154,151.211532592773,145.014923095703,161.335734049479,6.3487271585695
60.8955223880597,172,172,172,171.586212158203,167.448272705078,167.364898681641,169.464721679688,171.564575195312,170.5146484375,168.414825439453,166.314971923828,167.732376098633,166.460113525391,160.22233581543,159.910446166992,163.029342651367,168.958312988281,169.020080566406,165.339172363281,159.459594726562,155.259902954102,156.853302001953,159.910446166992,159.910446166992,164.900665283203,167.485321044922,163.285629272461,155.528564453125,148.237762451172,142,164.072564697266,7.26278399259947
61.4925373134328,172,172,172,171.787963867188,169.667526245117,167.614013671875,165.192993164062,161.158004760742,160.149261474609,161.359756469727,165.394760131836,171.232116699219,173.270202636719,169.132278442383,168.925384521484,169.985595703125,171.793106079102,167.655181884766,163.455474853516,160.153366088867,162.170883178711,168.569213867188,174.271743774414,172.254257202148,170.319091796875,170.486877441406,174.521881103516,165.47607421875,157.839416503906,153.70149230957,167.451263936361,5.33166084858306
62.089552238806,172,170.003082275391,166.907852172852,163.712799072266,167.706634521484,169.010787963867,166.840957641602,156.56819152832,154,156.482757568359,164.75862121582,171.337097167969,175.046813964844,174.902709960938,172.998443603516,172,171.992797851562,171.848693847656,169.394760131836,165.722076416016,163.869262695312,171.902191162109,180.569198608398,178.428207397461,174.574371337891,172.5908203125,174.875946044922,173.177551269531,171.036529541016,168.8955078125,169.438488769531,6.11538981020932
62.6865671641791,169.134338378906,166.972717285156,160.361297607422,151.764297485352,158.063827514648,164.242919921875,167.046844482422,156.609375,156.964492797852,161.621215820312,167.920745849609,170.703033447266,173.655166625977,177.793090820312,175.946472167969,172.889358520508,169.440048217773,175.554290771484,174.220291137695,167.327850341797,157.075653076172,162.8193359375,173.256820678711,177.20947265625,181.162139892578,180.899642944336,172.809066772461,166.663925170898,165.181686401367,169.134338378906,168.148125203451,7.61701810825386
63.2835820895522,166,167.95573425293,162.008224487305,151.445190429688,157.538848876953,162.508483886719,165.127105712891,160.762725830078,164.411727905273,168.903747558594,169.130218505859,169.164184570312,170.819351196289,174.957290649414,175.164184570312,172.004119873047,166.316009521484,172.636138916016,173.854873657227,170.724655151367,162.222320556641,164.095703125,170.415832519531,176.735977172852,184.620697021484,185.655166625977,173.24137878418,160.827590942383,157.724136352539,166,168.099053955078,7.49069315043128
63.8805970149254,166,170.137924194336,167.301071166992,160.052490234375,164.458053588867,167.257843017578,169.192993164062,171.128158569336,171.812652587891,171.339157104492,169.136383056641,168.805969238281,169.687072753906,171.889862060547,170.161605834961,168.092636108398,166.110137939453,168.312927246094,169.194030761719,168.863616943359,166.660827636719,167.541946411133,170.228515625,174.366439819336,181.814727783203,184.203796386719,175.66032409668,161.89192199707,155.982513427734,160.388061523438,168.922455342611,5.65193706785594
64.4776119402985,168.776123046875,170.999481201172,170.777145385742,168.776123046875,168.776123046875,171.465774536133,175.220794677734,177.444152832031,176.332473754883,174.776123046875,174.776123046875,173.148742675781,172,172,168.068969726562,166,166.095733642578,168.010299682617,167.627380371094,165.425628662109,161.596496582031,160.44775390625,161.960876464844,168.013366699219,177.376220703125,182.551727294922,178.413787841797,163.103454589844,153.138458251953,151.223892211914,169.14410756429,7.036026349951
65.0746268656716,174.74626159668,174.74626159668,174.74626159668,174.74626159668,174.74626159668,173.742645263672,172.507446289062,172.507446289062,172.507446289062,172.507446289062,172.507446289062,173.819854736328,174.74626159668,174.74626159668,170.815216064453,167.799270629883,166.206893920898,170.344833374023,169.517242431641,164.75862121582,156.482757568359,154,156.542449951172,166.712295532227,175.646926879883,179.805450439453,175.667526245117,160.357177734375,151.096237182617,150.74626159668,168.994090779622,7.98039985441729
65.6716417910447,178,176.126602172852,176.313934326172,178,178,173.838394165039,168.716415405273,168.716415405273,164.501281738281,160.567169189453,160.567169189453,167.601654052734,172.567169189453,172.567169189453,170.415863037109,170.024703979492,171.546051025391,173.810607910156,172.233673095703,167.756057739258,161.353576660156,156.810089111328,157.103439331055,169.517242431641,173.811614990234,175.146667480469,174.75553894043,163.191986083984,157.168304443359,159.432830810547,169.005387369792,6.73020274266213
66.2686567164179,175.313446044922,171.175521850586,171.589294433594,175.498733520508,177.351531982422,176.514663696289,175.05712890625,176.909942626953,172.231597900391,166.876983642578,165.024185180664,162.331451416016,160.626861572266,160.626861572266,164.147186279297,168.285125732422,172.626861572266,172.626861572266,171.255798339844,169.526519775391,170.946990966797,168.173950195312,166.460113525391,173.315505981445,173.204315185547,172.7998046875,175.084930419922,169.532684326172,164.332473754883,160.626861572266,170.002472941081,5.08854356966523
66.865671641791,172,167.862060546875,164.244979858398,162.153381347656,169.955718994141,173.877502441406,176.537292480469,182.507461547852,184,182.208953857422,176.238800048828,167.503860473633,161.970153808594,161.970153808594,166.350997924805,168.656707763672,168.381866455078,162.885223388672,162.885223388672,167.24137878418,175.517242431641,179.28254699707,180.198638916016,178.366439819336,174.689666748047,172,172,164.977874755859,157.786926269531,151.343292236328,170.186478169759,7.88985748574433
67.4626865671642,172,169.673690795898,163.792068481445,156.759658813477,165.550170898438,170.138946533203,173.292846679688,179.757080078125,181.373138427734,178.890380859375,170.614517211914,170.913024902344,172.724639892578,174.536285400391,174.626861572266,174.626861572266,174.18733215332,165.39680480957,163.585174560547,167.24137878418,175.517242431641,180.896545410156,182.512603759766,176.563049316406,172.062805175781,170.007202148438,171.81884765625,164.088531494141,158.206893920898,155.880599975586,170.907839457194,6.98951452830257
68.0597014925373,169.402984619141,169.402984619141,169.097259521484,169.010803222656,173.148742675781,173.432830810547,172.827590942383,176.965515136719,179.343292236328,178.651580810547,172.166748046875,173.188873291016,176.252182006836,180.390106201172,178.895523071289,178,177.793090820312,173.655181884766,169.517242431641,167.24137878418,175.517242431641,179.642822265625,179.781768798828,173.296966552734,165.823974609375,161.627380371094,163.974258422852,162.096755981445,164.029846191406,171.194030761719,172.512298583984,5.55178290083277
68.6567164179105,171.134323120117,169.363861083984,166.948013305664,164.535232543945,166.902725219727,169.644866943359,172.827590942383,176.965515136719,179.775604248047,180.191452026367,176.053527832031,173.927947998047,175.229019165039,181.137420654297,179.183731079102,176.229537963867,172.747283935547,170.379821777344,169.074645996094,169.277404785156,174.012344360352,174.193511962891,172.716400146484,172.119400024414,164.901702880859,157.895004272461,154.354095458984,154,161.448272705078,178,170.839008585612,7.13682720147347
69.2537313432836,178,172.112213134766,165.522399902344,159.074630737305,159.074630737305,163.731353759766,170.640258789062,176.528045654297,179.312408447266,178.246017456055,170.608337402344,167.432830810547,168.610397338867,175.136383056641,173.800323486328,170.537322998047,166,166,168.482757568359,172.262481689453,174.012359619141,172.865676879883,171.234161376953,171.872360229492,168.689651489258,163.103439331055,154.827590942383,154,160.660842895508,175.462692260742,168.928052266439,6.69820586046414
69.8507462686567,175.492538452148,170.675247192383,168.507461547852,168.853317260742,172.311889648438,173.522384643555,174.48583984375,179.303131103516,183.610916137695,182.783325195312,170.369522094727,168.507461547852,170.162628173828,174.300567626953,168.933609008789,163.406066894531,158.823455810547,165.740600585938,170.990219116211,174.609375,175.28874206543,175.492538452148,174.458053588867,170.320129394531,164.798767089844,160.509521484375,159.150802612305,155.902221679688,159.586212158203,172,170.096551513672,6.85289871435438
70.4477611940298,174.477615356445,172.768920898438,172.93977355957,175.305206298828,183.5810546875,184.256317138672,181.180648803711,179.471954345703,182.148223876953,183.371063232422,177.792083740234,176.955230712891,177.243438720703,177.963973999023,170.137939453125,160.6474609375,151.219757080078,166.062789916992,174.482757568359,177.89192199707,177.17138671875,174.563049316406,171.392684936523,168.963439941406,163.223876953125,160.655685424805,165.51416015625,158.551727294922,159.586212158203,172,172.38401184082,8.4240091499878
71.044776119403,175.55224609375,173.102416992188,174.275848388672,178.321151733398,181.532684326172,179.471954345703,175.062271118164,172.612457275391,175.103454589844,179.24137878418,183.379302978516,182.56510925293,180.572296142578,178.122482299805,170.137939453125,163.550186157227,159.347412109375,168.384979248047,172.45703125,173.978393554688,179.804443359375,178.122497558594,174.025726318359,172.337631225586,170.040145874023,169.038604736328,170.72673034668,163.447265625,162.962432861328,172,173.642549133301,6.08120578952076
71.6417910447761,169.582092285156,171.249603271484,174.275848388672,177.752960205078,175.28254699707,175.501800537109,176.835815429688,176.835815429688,177.43798828125,178.240859985352,179.043731689453,177.064331054688,176.249084472656,177.916625976562,171.722076416016,168.417907714844,168.458053588867,169.260940551758,168.099853515625,166.991256713867,173.599578857422,176.749359130859,176.96549987793,172.827590942383,170.665985107422,171.613998413086,177.419448852539,170.551727294922,168.612457275391,174.417907714844,173.654758199056,3.73066951374462
72.2388059701492,170.776123046875,178.207931518555,182.922286987305,184.83479309082,181.540924072266,182.007202148438,183.670608520508,182.023681640625,179.743698120117,177.746780395508,176.902725219727,173.976318359375,172.337615966797,173.181671142578,173.986618041992,174.388061523438,174.181167602539,170.043243408203,168.388061523438,168.76171875,171.252700805664,174.896545410156,177.377243041992,174.886260986328,172.395263671875,172.519821166992,177.501800537109,174.998458862305,176.147201538086,182.776123046875,176.145755004883,4.62270672939084
72.8358208955224,175.641784667969,188.055587768555,194.536270141602,195.172409057617,186.896560668945,181.8857421875,178.781265258789,176.269683837891,175.641784667969,176.395263671875,178.906860351562,173.631500244141,167.336074829102,161.571792602539,169.145660400391,174.096755981445,175.516204833984,173.004638671875,172.975830078125,174.358215332031,174.358215332031,174.977874755859,175.641784667969,175.641784667969,175.641784667969,175.641784667969,175.641784667969,179.365921020508,182.040130615234,182.925384521484,177.389877827962,7.02031620851341
73.4328358208955,174.328353881836,181.924865722656,187.619140625,190.836837768555,185.772521972656,178.620697021484,172,172,172,172.963455200195,176.174987792969,174.504364013672,170.317031860352,163.646942138672,166.599075317383,168.791564941406,169.751907348633,171.357696533203,174.482757568359,178,178,175.103454589844,171.598541259766,169.992782592773,170.956253051758,169.751922607422,163.328857421875,169.301071166992,172.203796386719,169.671630859375,173.720016988118,6.36721710126032
74.0298507462686,182.597015380859,181.011840820312,180.830673217773,182.0185546875,185.188873291016,182.979919433594,178.261444091797,175.091110229492,173.109634399414,174.482757568359,182.75862121582,184,182.344818115234,178.206893920898,175.574890136719,172.229553222656,168.426147460938,170.978912353516,173.531661987305,175.701507568359,175.701507568359,173.914581298828,171.758102416992,170.79052734375,170.102935791016,165.018005371094,151.636642456055,161.470932006836,167.585189819336,166,174.443441772461,7.52844686491905
74.6268656716418,183.194030761719,180.620681762695,178.047348022461,176.402481079102,183.113739013672,186.479675292969,186.389099121094,179.677825927734,174.896545410156,174.013381958008,180.724655151367,180.401428222656,179.059173583984,178.050430297852,176.513641357422,174.444671630859,172.156463623047,175.28564453125,176.537322998047,176.067947387695,172.938751220703,174.1904296875,177.1806640625,179.753997802734,173.647979736328,165.919708251953,159.208435058594,165.485321044922,169.277404785156,168.268661499023,175.931584676107,6.07608789658059
75.2238805970149,176.477615356445,176.477615356445,173.93000793457,169.711791992188,169.217712402344,173.741638183594,179.312408447266,178.262481689453,177.212554931641,177.718994140625,181.856918334961,177.647964477539,174.041168212891,173.547088623047,168.124542236328,165.283584594727,165.851776123047,177.21565246582,182.687606811523,183.221817016602,178.033966064453,181.189910888672,185.080795288086,180.448791503906,174.136901855469,168.853332519531,166.259399414062,167.389602661133,170.100875854492,174.238800048828,174.909110514323,5.57107106167335
75.8208955223881,186.208953857422,187.732376098633,181.590316772461,169.742660522461,162.990234375,167.705627441406,176.636123657227,177.72721862793,179.960876464844,182.118377685547,183.20947265625,177.633560180664,172.099838256836,168.394241333008,163.241394042969,162.150299072266,165.567672729492,176.025741577148,179.035522460938,177.830169677734,180.876998901367,183.621200561523,183.240341186523,173.873397827148,171.12712097168,169.351516723633,166.3046875,168.353057861328,170.967575073242,173.582092285156,174.629955546061,7.2981643695152
76.4179104477612,185.641784667969,188.276870727539,185.114761352539,177.736480712891,175.10139465332,177.604736328125,181.293869018555,178.658767700195,178,176.75862121582,172.620681762695,171.037567138672,170.811111450195,171.943389892578,172,176.137924194336,184,184,177.453430175781,168.969635009766,174.239837646484,176.872863769531,177.341217041016,174.706130981445,176.287185668945,175.103454589844,166.827590942383,166,166.67626953125,168.179107666016,175.846489461263,5.83556130207079
77.0149253731343,178,178,177.184753417969,175.998962402344,177.481216430664,179.926910400391,181.705612182617,178.741119384766,175.776641845703,173.349472045898,172.176010131836,174.25732421875,174.788467407227,172.132797241211,174.816268920898,179.6953125,186.001037597656,183.036529541016,177.774566650391,172.22233581543,173.70458984375,177.045806884766,179.778686523438,178.296447753906,178,174.065887451172,162.825531005859,159.033447265625,161.266082763672,169.850738525391,175.231085205078,5.93791125345458
77.6119402985074,178,178,174.920227050781,170.440567016602,176.040145874023,181.479156494141,184.398361206055,177.58415222168,171.866195678711,169.360794067383,173.498718261719,174.119415283203,173.534744262695,172.073089599609,177.084930419922,181.830169677734,185.566650390625,181.675765991211,179.390655517578,178.759658813477,181.435943603516,183.08903503418,183.330917358398,180.654678344727,178.950073242188,173.230056762695,159.601654052734,153.421508789062,155.952651977539,168.119415283203,175.246977742513,7.9021650124791
78.2089552238806,184.268646240234,181.386505126953,175.537811279297,168.917129516602,177.192993164062,180.089553833008,179.838394165039,178.582611083984,176.107040405273,174.466278076172,175.722076416016,178.360260009766,178.434371948242,174.296432495117,175.458557128906,176.807006835938,178.062774658203,179.318572998047,181.439010620117,183.947509765625,185.388580322266,183.933074951172,181.910446166992,181.910446166992,179.752960205078,175.607818603516,168.773025512695,168.089538574219,169.951599121094,174.089538574219,177.588018798828,4.65233561967119
78.8059701492537,189.820892333984,182.965515136719,177.672668457031,174.461151123047,178.475555419922,178.957275390625,179.500762939453,187.900146484375,185.923828125,180.451904296875,174.893463134766,179.886779785156,183.481216430664,182.184265136719,186.050445556641,185.340194702148,179.852813720703,175.714874267578,174.059707641602,174.467315673828,177.184753417969,178.994338989258,180.059707641602,180.059707641602,180.059707641602,178.611419677734,174.473495483398,174.059707641602,175.282562255859,178,179.628205871582,4.29075711600909
79.4029850746269,180.029846191406,178.691711425781,179.595458984375,181.505920410156,175.96809387207,172.250122070312,172.530120849609,184.882141113281,187.970153808594,185.907363891602,179.031402587891,181.517242431641,184.535247802734,185.873397827148,189.871337890625,189.902221679688,185.822952270508,181.685028076172,180.029846191406,180.449813842773,183.249618530273,187.966033935547,190.719497680664,185.119903564453,182.880081176758,181.501800537109,180.163665771484,178.769943237305,176.740097045898,173.940307617188,181.970012410482,4.93898936990133
80,184,185.379302978516,186.758605957031,187.310348510742,180.413787841797,176.206893920898,174.551727294922,177.310348510742,179.034484863281,179.586212158203,178.206909179688,180.344818115234,181.448257446289,180.068969726562,183.931030273438,186.689666748047,187.793106079102,183.655166625977,183.655181884766,187.448272705078,197.103454589844,200.965515136719,197.862060546875,181.310348510742,178,179.448272705078,183.586212158203,182.75862121582,178.275863647461,170,183.103447977702,6.68726358528481
80.5970149253731,184,178.503356933594,179.053009033203,183.993835449219,183.932067871094,180.297485351562,175.307266235352,172.589828491211,172.975830078125,174.396301269531,175.816787719727,177.184783935547,180.198654174805,185.695327758789,186.028823852539,185.349456787109,183.928970336914,182.508499145508,185.275360107422,191.25065612793,199.588287353516,197.204330444336,188.851257324219,176.375701904297,175.06640625,177.478118896484,181.616058349609,184.531127929688,183.55842590332,178,182.018533833822,6.50398182294428
81.1940298507463,182.059707641602,177.798248291016,178.224380493164,182.485855102539,186.747299194336,190.848175048828,192.93977355957,187.340194702148,182.836853027344,179.100357055664,176.300552368164,178.26042175293,182.180130004883,187.779724121094,181.468856811523,178.730834960938,180.259384155273,183.059173583984,183.376220703125,182.238800048828,182.238800048828,186.072052001953,189.144622802734,185.00666809082,177.459594726562,173.916625976562,179.392700195312,178.735992431641,178,178,182.066733296712,4.54577455877032
81.7910447761194,176.089553833008,180.227478027344,181.262985229492,179.496658325195,175.358734130859,180.2666015625,188.353057861328,189.670608520508,186.896545410156,184,184,186.239837646484,187.293869018555,185.976333618164,178.224395751953,172.768920898438,170.287185668945,174.239837646484,172.547607421875,167.910446166992,167.910446166992,172.78125,177.294891357422,174.474517822266,173.910446166992,175.884719848633,181.525482177734,177.179626464844,174.772003173828,176.089553833008,178.431119791667,6.05539509220894
82.3880597014925,172,176.137924194336,179.562530517578,182.0947265625,181.84765625,183.607818603516,185.93000793457,186.177047729492,182.162628173828,179.525482177734,183.416366577148,189.932067871094,192.464233398438,188.326309204102,174.859497070312,167.880599975586,168.436447143555,179.553268432617,179.81266784668,173.880599975586,173.880599975586,176.777145385742,179.880599975586,179.880599975586,179.880599975586,179.426651000977,178.129684448242,171.718994140625,169.159027099609,172,178.944726053874,6.23186853060704
82.9850746268657,173.850738525391,176.712295532227,178,178.699951171875,185.699432373047,187.319610595703,185.153884887695,179.430770874023,174.664947509766,173.744720458984,181.053009033203,184.581573486328,185.664428710938,184.079254150391,178.563034057617,175.063293457031,174.07307434082,178.519805908203,179.347396850586,177.808547973633,176.532165527344,178.152328491211,180.617584228516,181.893966674805,183.170349121094,182.998458862305,180.136901855469,176.126602172852,173.2763671875,172,179.231149800618,4.23289860378567
83.5820895522388,181.641784667969,181.641784667969,180.951095581055,179.983520507812,181.609878540039,180.305725097656,178.502319335938,181.013885498047,182.861541748047,182.75862121582,178.620697021484,179.067413330078,179.466796875,178.581588745117,178.537322998047,178.352035522461,177.793090820312,173.655181884766,174.482757568359,177.567687988281,174.685546875,172.941833496094,172.720520019531,175.602676391602,180.494079589844,184.439529418945,185.695327758789,180.966552734375,177.268142700195,175.641784667969,178.92835744222,3.29667921430029
84.1791044776119,191.791046142578,191.791046142578,189.515182495117,185.500778198242,182.598037719727,181.582092285156,182.743179321289,188.548629760742,188.749359130859,186.711273193359,183.808547973633,185.840454101562,182.616561889648,170.202789306641,167.235198974609,169.520324707031,176.125579833984,174.458053588867,175.532684326172,178.185287475586,179.420471191406,176.029846191406,172,172,180.597015380859,188.598037719727,191.500778198242,185.454452514648,182.332489013672,184,181.499639892578,7.04141079602212
84.7761194029851,192.477600097656,192.477600097656,190.201721191406,186.72053527832,189.149765014648,190,190,190,192.192474365234,194.60319519043,195.817810058594,196,192.006164550781,182.021606445312,173.660308837891,170.984039306641,173.968078613281,178.106018066406,179.032424926758,178.802886962891,184.155426025391,181.668548583984,176.67626953125,174.247039794922,183.115783691406,191.141525268555,192.356140136719,188.753463745117,185.162109375,182.238800048828,185.591244506836,7.30054539582285
85.3731343283582,175.343292236328,181.313430786133,183.037567138672,181.932067871094,186.625839233398,189.044784545898,190,190,188.208953857422,188.136901855469,193.468872070312,194.268661499023,193.091094970703,190.147201538086,184.406585693359,180.865676879883,179.81884765625,181.568725585938,181.21875,180.79362487793,187.875442504883,189.164184570312,186.79670715332,180.908920288086,176.865692138672,175.567687988281,178.511596679688,178.305725097656,178,178,184.109561157227,5.59780227423475
85.9701492537313,162.507461547852,177.329895019531,186.275848388672,189.820907592773,188.029861450195,189.329895019531,191.232116699219,188.885223388672,182.091613769531,178.429229736328,185.531646728516,185.599578857422,185.834274291992,188.181167602539,188.29850769043,186.229553222656,182.208953857422,180.417907714844,182.184265136719,186.14616394043,189.110656738281,188.74626159668,187.109619140625,185.936187744141,176.709213256836,170.224395751953,172.5712890625,177.085952758789,179.70149230957,179.70149230957,183.048687744141,6.61066688052008
86.5671641791045,185.671646118164,185.671646118164,186.67936706543,188.396301269531,189.075653076172,189.313430786133,188.811111450195,186.299545288086,180.329391479492,176.238815307617,179.223876953125,179.094177246094,181.996917724609,190.272766113281,190.686569213867,188.041168212891,183.164169311523,186.149261474609,188.442626953125,190.172943115234,191.325790405273,192.954193115234,193.005645751953,187.714874267578,180.958312988281,178.821411132812,185.944412231445,186.045288085938,184.634063720703,182.328369140625,185.915458170573,4.42789417274249
87.1641791044776,186.716415405273,187.848693847656,186.705093383789,183.172424316406,174.896545410156,173.471954345703,177.086975097656,186.103958129883,186.953170776367,185.641799926758,185.641799926758,189.789001464844,195.573852539062,202.71745300293,204.150268554688,201.144622802734,194.301605224609,193.169342041016,193.630477905273,195.036544799805,195.777648925781,190.725677490234,183.571792602539,177.560485839844,171.236236572266,168.126602172852,171.132263183594,179.900146484375,182.879058837891,178,186.088730367025,9.54482089012226
87.7611940298508,179.611938476562,182.63818359375,184.611419677734,184.784362792969,176.508499145508,177.546051025391,182.165710449219,181.054046630859,183.045806884766,185.831176757812,188.054550170898,184.870819091797,183.153884887695,185.068435668945,188.039108276367,187.483261108398,183.456497192383,181.541946411133,189.373138427734,200.477615356445,193.313446044922,183.468856811523,175.501800537109,176.613479614258,169.572814941406,164.06071472168,165.172409057617,173.454467773438,179.309326171875,181.223876953125,181.700254821777,7.53533357157767
88.3582089552239,182.417907714844,183.509002685547,186.275848388672,189.390640258789,183.296966552734,181.164184570312,180.554824829102,177.50798034668,175.109619140625,175.737533569336,182.922286987305,183.265045166016,181.091110229492,176.953186035156,174.673187255859,172.604217529297,170.953170776367,175.091094970703,179.093170166016,181.960876464844,178.914047241211,181.660308837891,186.616577148438,190.754501342773,188.963455200195,187.138442993164,188.003082275391,189.071533203125,188.791564941406,186.835815429688,182.010706075033,5.48874349636049
88.955223880597,174.895538330078,179.033462524414,183.17138671875,186.788497924805,185.717971801758,185.343292236328,185.771499633789,187.912521362305,183.846649169922,180.151321411133,182.148239135742,189.48225402832,194.505416870117,194.649505615234,185.777679443359,181.567687988281,182.654663085938,186.792602539062,184.766876220703,179.391662597656,178.321151733398,181.545028686523,186.37776184082,190.515701293945,185.694305419922,178.957290649414,172.82243347168,174.006164550781,176.966552734375,181.1044921875,183.355987040202,5.37149817581153
89.5522388059701,172.089538574219,178.327331542969,181.100341796875,180.421005249023,174.183227539062,174.047348022461,178.012329101562,185.23828125,184.682434082031,181.551208496094,178.46321105957,184.142044067383,192.603179931641,202.917144775391,193.634582519531,185.389602661133,179.676788330078,182.764801025391,183.370056152344,181.856903076172,177.718978881836,175.050933837891,174.556854248047,178.694808959961,182.783325195312,185.432830810547,185.432830810547,184.543487548828,185.389602661133,188.477615356445,182.418420918783,6.45064460800603
90.1492537313433,188.507461547852,196.803894042969,194.841979980469,184.89860534668,178.660827636719,183.208435058594,191.702499389648,192.75244140625,187.564575195312,182.477600097656,182.477600097656,184.244964599609,186.324234008789,188.403503417969,184.576416015625,183.022125244141,183.897064208984,181.838394165039,179.767364501953,177.842514038086,176.792572021484,177.933074951172,180.269683837891,183.378280639648,179.026245117188,174.985076904297,174.985076904297,179.654144287109,182.970672607422,184,183.593577575684,5.49921274692719
90.7462686567164,182.537322998047,180.416870117188,178.851257324219,178.991256713867,190.396286010742,193.799285888672,191.217697143555,181.933090209961,186.575378417969,192.772003173828,191.763244628906,189.8095703125,188.092651367188,186.980972290039,183.952667236328,183.952667236328,186.461151123047,177.176544189453,175.340209960938,179.090072631836,186.357177734375,187.053009033203,185.210494995117,184.201751708984,184,184,184,181.183731079102,180.870819091797,184,184.699572753906,4.67665372099507
91.3432835820896,176.567169189453,182.681427001953,190.98095703125,200.409683227539,203.909423828125,195.66032409668,182.307769775391,173.846633911133,177.336090087891,181.325790405273,177.187866210938,180.924346923828,186.915084838867,194.202789306641,193.628402709961,193.628402709961,194.045288085938,183.607818603516,179.432830810547,179.905303955078,183.055053710938,185.513122558594,186.346893310547,183.197113037109,183.357696533203,184,184,183.110656738281,181.677825927734,179.70149230957,185.415441894531,7.2675987202667
91.9402985074627,172,183.446212768555,196.345504760742,208.126617431641,199.143936157227,190.620697021484,184.440551757812,186.643341064453,181.712814331055,175.645919799805,172.475555419922,178.212036132812,184.252182006836,188.390121459961,186.504364013672,186.020584106445,186.938751220703,181.833251953125,179.791046142578,180.081314086914,182.016479492188,181.055068969727,179.161087036133,178.193511962891,181.310348510742,183.661346435547,182.693771362305,178.87287902832,173.743698120117,167.402984619141,183.024532572428,8.16591117288552
92.5373134328358,174.74626159668,181.128143310547,187.510040283203,193.348434448242,194.29541015625,190.478637695312,184.166748046875,178.134841918945,175.654144287109,174.74626159668,174.74626159668,177.458557128906,181.028305053711,185.166244506836,186.605239868164,183.589294433594,176.307754516602,169.925888061523,169.077728271484,172.165725708008,176.653625488281,178.907867431641,179.556350708008,178.259399414062,180.552764892578,181.510025024414,178.319091796875,175.128143310547,172.946975708008,172,179.470472208659,6.4571661167472
93.134328358209,182.656707763672,182.656707763672,184.185272216797,187.007720947266,190.219268798828,191.343292236328,189.231094360352,178.67008972168,180.15234375,183.722076416016,182.795669555664,183.444152832031,184.9140625,187.199188232422,181.211532592773,177.32063293457,176.029846191406,176.029846191406,181.254760742188,187.554306030273,180.204833984375,173.503845214844,170.29231262207,176.715393066406,180.223373413086,182.029861450195,182.029861450195,180.362335205078,178.314971923828,176.029846191406,181.576840209961,4.94407022102441
93.7313432835821,180.626876831055,180.626876831055,185.461669921875,193.554306030273,195.365936279297,195.411224365234,193.858978271484,189.721038818359,185.583129882812,181.716949462891,178.484817504883,181.517242431641,182.707153320312,179.475051879883,178.452911376953,180.779205322266,186.195571899414,188.913009643555,186.973754882812,182.065902709961,177.927963256836,176.686584472656,177.13948059082,178.951110839844,187.795166015625,194.686569213867,194.686569213867,188.053527832031,185.046844482422,187.373138427734,185.194618733724,6.00704750187316
94.3283582089552,188.716415405273,186.945953369141,184.360260009766,182.171905517578,189.562515258789,190.03498840332,187.136367797852,185.654144287109,182.180130004883,179.018020629883,178.132781982422,181.517242431641,183.291809082031,181.521362304688,178.342758178711,175.975296020508,175.055068969727,184.813171386719,184.813171386719,178.662902832031,174.524963378906,173.283584594727,175.352554321289,183.628402709961,187.8857421875,189.690155029297,188.804931640625,184.195571899414,179.969116210938,176.716415405273,182.398590087891,5.04604750772585
94.9253731343284,184,178.318069458008,176.236755371094,177.169326782227,178.713317871094,179.253723144531,180.735961914062,188.147186279297,187.545028686523,183.234176635742,176.502319335938,179.009765625,179.219757080078,173.537826538086,174.896545410156,179.466796875,186.464218139648,185.599578857422,184.734954833984,183.379302978516,179.241363525391,179.210494995117,181.711791992188,186.529083251953,186.109100341797,184.747299194336,184.067932128906,178.108093261719,173.729293823242,172,180.720635477702,4.47560671633527
95.5223880597015,186.447769165039,188.053527832031,191.516204833984,195.256820678711,187.825012207031,184.675231933594,184.996398925781,189.978393554688,190.590850830078,185.540924072266,170.677307128906,171.24755859375,174.203796386719,176.653625488281,184.63818359375,192.111175537109,198.198654174805,193.216690063477,187.728271484375,182.282043457031,178.988159179688,183.202270507812,187.129180908203,180.541427612305,174.628936767578,174.058670043945,183.096237182617,183.240356445312,180.191452026367,174.44775390625,183.845429484049,7.2003399239424
96.1194029850746,191.223876953125,185.418411254883,186.451858520508,192.086456298828,188.771987915039,185.992782592773,185.161087036133,190.966552734375,189.314453125,184.67626953125,178.870819091797,178.699935913086,177.538848876953,173.400909423828,178.709197998047,188.652587890625,201.698394775391,195.069473266602,186.451873779297,177.876480102539,177.053009033203,179.702514648438,183.011810302734,183.835296630859,185.992782592773,185.875427246094,180.914047241211,175.95263671875,175.456512451172,180.417907714844,184.174806722005,6.44000082696966
96.7164179104477,172,176.137924194336,178,178,178,180.689651489258,183.493560791016,180.961395263672,177.827056884766,176.252197265625,178.78434753418,181.998962402344,182.665985107422,179.330917358398,174.470397949219,174.068969726562,178,178,178.481735229492,178.543487548828,174.405563354492,175.498718261719,178.833755493164,182.168807983398,180.810089111328,176.548629760742,169.075653076172,162.325271606445,161.658264160156,168.328369140625,176.511990356445,5.33073645861311
97.3134328358209,173.134338378906,178.054550170898,180.268646240234,180.1904296875,179.408126831055,181.823974609375,185.9619140625,190.099853515625,190.547607421875,188.75862121582,184.620681762695,184.664947509766,184.821395874023,184.039108276367,177.624298095703,176.337615966797,180.229537963867,179.447235107422,181.147705078125,183.613998413086,181.040649414062,179.173431396484,177.804412841797,177.022125244141,179.550170898438,181.378280639648,180.369522094727,180.972717285156,180.698913574219,179.134323120117,181.397971089681,3.97378572479578
97.910447761194,178,186.275863647461,190,189.662384033203,186.286163330078,187.299026489258,190.827590942383,194.965530395508,193.467834472656,189.63459777832,184.734939575195,186.22233581543,186.440551757812,183.064331054688,182.895523071289,184.964492797852,188.726715087891,185.350494384766,184,184.392181396484,187.006683349609,182.531127929688,175.861053466797,171.723114013672,171.504898071289,176.078231811523,187.730316162109,191.934127807617,190.409683227539,182.895523071289,185.16284383138,5.80733023492672
98.5074626865672,181.223892211914,186.535263061523,188.517761230469,187.998992919922,189.481216430664,190.481719970703,191.753997802734,195.150802612305,195.444152832031,192.664947509766,185.13020324707,181.74267578125,180.445709228516,181.18684387207,179.815765380859,180.773040771484,184.037048339844,184.778182983398,185.519317626953,185.417404174805,180.538360595703,175.659301757812,171.150787353516,167.753982543945,170.977874755859,176.786422729492,184.321151733398,184.407623291016,182.137939453125,178,183.327746073405,6.77533198540637
99.1044776119403,193.910461425781,187.075653076172,181.724136352539,178.683471679688,185.518264770508,190.60009765625,194.486877441406,197.369018554688,195.976837158203,192.367294311523,186.90837097168,187.769424438477,190.322189331055,193.739593505859,186.732879638672,183.675750732422,185.251663208008,189.389587402344,193.09521484375,194.75862121582,186.482757568359,178.71125793457,173.044769287109,173.044769287109,178.512603759766,184.655670166016,189.51416015625,186.924346923828,182.858459472656,178,186.703473409017,6.55221469488826
99.7014925373134,184,184.699951171875,182.354095458984,178,178,180.689651489258,187.030364990234,202.182205200195,207.593933105469,206.187164306641,196.446197509766,189.140502929688,184.734939575195,184.03498840332,180.068969726562,181.787963867188,189.121978759766,191.860000610352,193.375183105469,193.043746948242,186.867736816406,182.608337402344,179.854858398438,179.154922485352,179.014923095703,181.66650390625,189.242416381836,190,186.590835571289,179.014923095703,186.945576477051,7.98848799705501
100.298507462687,184,186.779205322266,184.599060058594,179.053009033203,179.732376098633,181.776641845703,185.383422851562,192.300567626953,191.435913085938,188.811111450195,188.131744384766,188.607299804688,188.17497253418,186.075149536133,180.748321533203,178.370559692383,179.037567138672,178.296447753906,180.890380859375,185.401962280273,188.18115234375,189.014923095703,188.150268554688,184.691711425781,184,184.972717285156,187.751922607422,187.418426513672,186.405563354492,184.985076904297,185.10591583252,3.86480174190277
100.89552238806,184.955230712891,181.476058959961,181.461639404297,184.347915649414,187.827056884766,185.926910400391,182.221313476562,182.880081176758,183.044769287109,181.803405761719,177.665466308594,180.56201171875,185.828094482422,192.786407470703,183.218734741211,171.371078491211,159.439010620117,172.696868896484,182.174987792969,187.666488647461,184.846099853516,184.461135864258,184.955230712891,184.955230712891,184.955230712891,183.737518310547,180.258346557617,175.593399047852,177.948532104492,189.044769287109,182.003634134928,6.19688193138754
101.492537313433,188.149261474609,188.787445068359,187.500762939453,184.797744750977,183.521347045898,178.110137939453,172.955230712891,177.731338500977,178.446731567383,177.141540527344,174.279983520508,177.367980957031,179.595458984375,178.957275390625,178.319091796875,180.707153320312,185.766159057617,184.074630737305,182.313079833984,181.109619140625,183.332977294922,187.343276977539,190.60627746582,189.329895019531,188.564086914062,188.149261474609,188.149261474609,181.849731445312,179.57487487793,183.074615478516,182.653541056315,4.83325202151978
102.089552238806,178.8955078125,183.651062011719,187.727203369141,190.129684448242,182.471435546875,177.10139465332,175.075653076172,181.498718261719,180.927429199219,180.322174072266,185.077728271484,189.833251953125,190.290252685547,184.299530029297,179.482238769531,182.693786621094,193.843032836914,204.43489074707,203.057647705078,194.048385620117,187.007705688477,188.959335327148,191.553268432617,184.512603759766,180.288208007812,178,178,178.55583190918,179.173431396484,179.791046142578,185.023414611816,7.25875254643633
102.686567164179,184,191.081817626953,194.268646240234,194.033966064453,191.687072753906,188.564086914062,184.784362792969,180.049407958984,181.073608398438,185.258880615234,192.340713500977,200.944931030273,200.60319519043,186.439544677734,177.869277954102,175.20329284668,178.177032470703,181.717971801758,185.975311279297,190,190,184.624786376953,178.865661621094,178.865661621094,178.388061523438,177.791046142578,177.194030761719,181.93310546875,186.727752685547,190.865676879883,185.644296773275,6.8934972186306
103.283582089552,183.164184570312,183.740600585938,184.634063720703,186.38395690918,193.506942749023,196.749359130859,195.901184082031,187.048904418945,181.300048828125,178.172927856445,178.74934387207,188.407623291016,195.394760131836,195.971176147461,188.685546875,182.478637695312,178,178,182.619674682617,189.164184570312,189.164184570312,186.671112060547,184.144104003906,184.720550537109,182.447769165039,178.857437133789,174.143081665039,183.806488037109,191.083892822266,193.492538452148,185.886809285482,6.13309433267701
103.880597014925,178.805969238281,182.388061523438,187.634582519531,193.582092285156,193.582092285156,198.961395263672,203.543991088867,193.353561401367,184.599060058594,179.713836669922,182.740081787109,186.711273193359,191.071533203125,195.765319824219,192.597015380859,186.668029785156,178.861557006836,179.973236083984,183.234176635742,186.973754882812,185.306228637695,184.805969238281,185.423568725586,187.893981933594,190.809051513672,190.657745361328,184.605255126953,187.223876953125,185.720016479492,178,187.373543802897,6.1235018235975
104.477611940299,184,184,182.312927246094,179.605773925781,180.141021728516,185.011840820312,191.389602661133,194.45703125,189.016983032227,181.982498168945,177.84455871582,180.741119384766,186.320114135742,194.060745239258,194.447769165039,190.577453613281,183.637664794922,191.913543701172,199.547119140625,204.050430297852,193.242401123047,190,187.797225952148,178.986099243164,174.769943237305,175.672668457031,183.948532104492,184.776123046875,183.395782470703,180.328369140625,186.265844726563,7.00057442558128
105.074626865672,182.507461547852,183.536804199219,186.275848388672,190.362335205078,193.985595703125,195.25373840332,194.529083251953,190.905807495117,184.179107666016,177.350509643555,172.697891235352,174.642303466797,178.162643432617,182.300567626953,183.485321044922,182.445693969727,179.829116821289,186.560989379883,189.871337890625,190.900680541992,191.930023193359,191.158004760742,187.153884887695,175.769424438477,177.214630126953,182.775100708008,190.021621704102,189.819885253906,191.347412109375,196,185.765760803223,6.57105825325347
105.671641791045,173.432830810547,181.214614868164,186.448791503906,189.283584594727,189.283584594727,188.962432861328,188.665985107422,189.160064697266,186.550689697266,181.813690185547,174.525985717773,169.915588378906,169.087997436523,173.225936889648,181.294891357422,187.254760742188,190.534225463867,186.890380859375,189.805465698242,196.944931030273,203.24446105957,197.482238769531,188.372619628906,184.728759765625,190.620697021484,195.827072143555,195.332992553711,188.279983520508,187.27946472168,194.567169189453,186.667729695638,8.24940882279288
106.268656716418,184.686553955078,188.824493408203,189.191955566406,186.604217529297,185.183731079102,181.68913269043,178.827575683594,182.965515136719,184.355117797852,184.686553955078,184.686553955078,181.974258422852,181.525451660156,185.189895629883,191.8857421875,195.550170898438,196,196,195.43180847168,193.527526855469,186.198654174805,184.331436157227,184.804931640625,185.278427124023,191.236236572266,194.717437744141,191.053024291992,186.536285400391,184,184,187.364756266276,4.91583350176738
106.865671641791,190,193.685028076172,199.396820068359,204.924346923828,193.869262695312,184.915069580078,179.57487487793,184.165725708008,187.737518310547,189.864120483398,189.411209106445,192.475555419922,194.686569213867,194.686569213867,191.616058349609,192.068969726562,196.045288085938,196.951110839844,192.076187133789,184.656723022461,184.656723022461,187.236236572266,190.921264648438,194.60627746582,195.705612182617,195.84147644043,195.388580322266,188.302627563477,184,184,191.115526835124,5.5081157198221
107.462686567164,189.373123168945,189.805450439453,190.713317871094,191.750900268555,190.45393371582,187.029327392578,184.941833496094,192.785369873047,192.291290283203,188.75862121582,184.620681762695,183.265045166016,182.919189453125,183.351516723633,187.304153442383,191.442092895508,195.76530456543,203.608840942383,200.076171875,190.626861572266,190.626861572266,190.324234008789,190,190,192.618621826172,193.751922607422,190.910949707031,187.291809082031,184.864639282227,184,189.842402140299,4.7078047469685
108.059701492537,184,188.137939453125,196.148223876953,205.091110229492,193.912506103516,185.423568725586,180.536285400391,184.262481689453,188.606292724609,190.673187255859,186.946990966797,179.003601074219,175.281524658203,179.007720947266,182.733917236328,186.460113525391,190.206893920898,194.344833374023,196,196,196,192.815216064453,189.300033569336,188.888320922852,186.154403686523,186.75244140625,194.616577148438,195.773544311523,192.275848388672,184,188.978452555339,6.50091733666291
108.65671641791,184.567169189453,188.313949584961,189.354598999023,188.29850769043,188.29850769043,191.496658325195,195.511077880859,195.902221679688,201.620178222656,206.748321533203,206.357177734375,196.744201660156,190,190,190,190,190.18733215332,193.934127807617,195.432846069336,195.491516113281,195.882659912109,190.754486083984,184.197616577148,180.450836181641,182.073089599609,185.448272705078,189.586212158203,194.428207397461,193.058166503906,184,191.604597981771,6.27322852165943
109.253731343284,189.462692260742,190.203826904297,184.117340087891,173.537826538086,172.796691894531,180.124542236328,190.290283203125,194.42822265625,195.462692260742,194.443664550781,191.046844482422,190.22233581543,189.851776123047,189.481216430664,189.462692260742,189.277404785156,188.962417602539,189.703552246094,190.667022705078,192.223358154297,196.299545288086,196.787445068359,196,196,189.082855224609,185.040649414062,189.54914855957,201.172409057617,200.718475341797,184.537307739258,190.031807963053,6.51367385215776
109.850746268657,183.492553710938,191.768402099609,193.601654052734,189.714889526367,181.789001464844,181.249618530273,184.757583618164,188.545562744141,189.755020141602,191.24137878418,195.379302978516,192.185302734375,187.837371826172,183.699447631836,183.825012207031,182.106018066406,178.903778076172,186.829650878906,197.448272705078,208.517242431641,211.965515136719,204.548126220703,195.492553710938,195.492553710938,185.561508178711,180.2666015625,188.192504882812,199.842514038086,201.363876342773,190,190.845760599772,8.34703802110943
110.44776119403,178.477600097656,186.094696044922,191.435913085938,194.186309814453,190.377777099609,186.783325195312,184.131744384766,184.79052734375,187.564575195312,191.142562866211,194.951095581055,188.767883300781,182.213073730469,177.745758056641,181.453414916992,183.687072753906,184.223358154297,188.690689086914,197.728271484375,208.327850341797,210.513458251953,200.949554443359,190.08235168457,190.411727905273,180.546585083008,173.810607910156,177.619140625,185.151824951172,189.670608520508,190,188.384311930339,8.34240745294621
111.044776119403,184,183.691207885742,181.616058349609,178.416885375977,178.10807800293,180.48893737793,185.269180297852,193.853851318359,193.128143310547,190.355117797852,190.046325683594,186.220275878906,180.48893737793,172.830688476562,176.085433959961,180.068969726562,184.413787841797,192.689651489258,200.965515136719,206.137924194336,193.724136352539,189.783828735352,190.586700439453,194.724655151367,186.362335205078,178.78742980957,178.478637695312,181.893981933594,186.001022338867,190.44775390625,186.32218170166,7.55339592312123
111.641791044776,184,180.150283813477,180.852279663086,184.422027587891,180.284088134766,178.835815429688,181.20329284668,193.040664672852,196,194.672149658203,190.246017456055,183.037567138672,178.417907714844,178.417907714844,178.417907714844,180.3427734375,184.399383544922,192.387023925781,200.201751708984,204.970657348633,193.13330078125,186.887283325195,184.962417602539,188.812149047852,189.582092285156,188.234680175781,184.384979248047,184.259399414062,188.012359619141,196,186.952272033691,6.93854781562795
112.238805970149,183.611938476562,183.87956237793,188.846115112305,196.335571289062,191.930023193359,190.388061523438,191.162124633789,195.032440185547,196,193.436950683594,184.893463134766,183.611938476562,183.718978881836,183.986618041992,184,184.133819580078,184.581573486328,188.451873779297,190,189.339172363281,184.933609008789,183.611938476562,183.745742797852,184.281005859375,184.173950195312,184,184,187.964996337891,191.888824462891,195.223876953125,187.705472310384,4.41195962309436
112.835820895522,178.716415405273,182.360260009766,192.831695556641,206.505416870117,198.723617553711,196.321151733398,196.716415405273,196.716415405273,196.345855712891,192.498199462891,180.825531005859,178.864654541016,180.075134277344,183.471954345703,183.641784667969,185.834274291992,190,190,190,188.795684814453,180.766860961914,178.358215332031,180.303649902344,188.085433959961,186.726699829102,184.358200073242,184.358200073242,191.36181640625,192.251159667969,184.716415405273,188.017703755697,7.03986765415155
113.432835820896,190,186.088531494141,188.630981445312,195.671646118164,195.671646118164,200.903747558594,207.343276977539,207.343276977539,201.136383056641,195.47917175293,195.932067871094,192.675247192383,186.927429199219,178.425109863281,178.215148925781,182.46630859375,190.317031860352,190.090576171875,189.864135742188,189.118896484375,185.433868408203,184.169830322266,183.943374633789,183.716934204102,187.344299316406,190.486877441406,190.93977355957,190.373657226562,192.065887451172,196.656723022461,190.914394632975,7.19467326044197
114.029850746269,190.298522949219,190.710266113281,190.669067382812,190.277938842773,190.072052001953,192.555847167969,195.66032409668,195.454467773438,189.659301757812,186.719528198242,194.789505004883,196,191.199172973633,179.197128295898,182.332489013672,188.127655029297,195.206390380859,191.274337768555,187.342269897461,184.589813232422,188.521881103516,186.94905090332,183.016967773438,179.084945678711,188.064849853516,198.75244140625,206.616577148438,197.156982421875,196.203826904297,208,191.150120035807,6.6815379447411
114.626865671642,196,204.275848388672,203.652069091797,196.086471557617,191.577972412109,189.87956237793,188.97785949707,185.210494995117,187.233139038086,191.24137878418,195.379302978516,196,194.344818115234,190.206893920898,190,188.023666381836,184.259384155273,184.074111938477,184,184,184,184.129684448242,184.268646240234,184.268646240234,190.741119384766,195.935150146484,195.749877929688,203.346374511719,208,208,192.095415751139,7.48824252164342
115.223880597015,196,203.946472167969,207.431793212891,206.09162902832,194.171890258789,187.524444580078,185.272262573242,189.245483398438,190.115280151367,191.340194702148,195.807510375977,196.477615356445,194.624801635742,189.992797851562,189.761184692383,189.843536376953,189.793106079102,185.655181884766,184.098831176758,184.238815307617,184.238815307617,186.90478515625,189.802352905273,189.967071533203,193.310348510742,194.494079589844,190.191452026367,200.488922119141,207.118896484375,207.283584594727,193.174437967936,7.18992560184034
115.820895522388,195.791046142578,195.791046142578,193.515182495117,189.819869995117,190.10807800293,192.992279052734,196.360260009766,196.072052001953,193.004638671875,193.925888061523,206.315673828125,208.174133300781,201.563049316406,185.035339355469,183.798248291016,185.651062011719,189.39680480957,185.691192626953,186.605255126953,190.021621704102,190.165725708008,187.110641479492,184.789505004883,188.783325195312,193.007720947266,192.995376586914,185.007720947266,184.079254150391,185.797210693359,189.791046142578,191.372008260091,6.1842646394977
116.417910447761,189.820907592773,189.944427490234,187.792068481445,184.994354248047,193.146682739258,201.218734741211,206.036026000977,198.007202148438,196,199.486358642578,211.107574462891,212.85075378418,206.497680664062,190.615051269531,178.262481689453,174.248077392578,178.580551147461,186.609375,189.89501953125,190.602172851562,194.616592407227,187.217712402344,178.030868530273,178.154403686523,184.700973510742,190.043228149414,190.166748046875,186.343811035156,184,184,190.766327921549,9.80830905362971
117.014925373134,184,188.137939453125,190,190.393218994141,194.325271606445,195.70149230957,195.722076416016,195.825012207031,195.927947998047,198.482757568359,206.75862121582,207.825012207031,201.121978759766,184.67317199707,180.115295410156,180.372619628906,184.586715698242,184.380859375,186.657745361328,190,190,184.278945922852,179.158004760742,183.192993164062,187.310333251953,191.412231445312,195.447235107422,188.402465820312,183.897064208984,184,190.070233662923,7.4019384452168
117.611940298507,184.477600097656,188.286148071289,190,189.586212158203,185.448287963867,184.053527832031,184.946990966797,189.084915161133,193.284606933594,198.622741699219,206.569229125977,200.726715087891,190.894500732422,178.727752685547,181.972213745117,192.15234375,207.240356445312,199.211532592773,193.517242431641,190,190,187.103439331055,184,184,187.310333251953,190,190,182.551727294922,179.862060546875,184,189.587682596842,7.09290568311671
118.208955223881,208,195.586212158203,190,189.610916137695,185.720031738281,186.927429199219,190.90478515625,194.98095703125,202.206909179688,205.498718261719,197.161087036133,188.8759765625,183.959854125977,184.083374023438,184.030883789062,186.007202148438,190.024719238281,194.100891113281,193.322708129883,189.928985595703,190.052490234375,187.322692871094,184.311889648438,184.126617431641,187.301086425781,189.910446166992,189.910446166992,182.462188720703,179.744735717773,183.820907592773,189.996504720052,6.6512274792502
118.805970149254,207.820907592773,195.530624389648,190,191.233154296875,203.564605712891,202.528060913086,195.932067871094,195.890899658203,202.056610107422,204.133834838867,191.843551635742,183.035522460938,181.39680480957,189.59033203125,186.108093261719,181.970153808594,178,178,180.458068847656,185.181686401367,193.457550048828,201.70458984375,204.787445068359,192.414810180664,186.629943847656,183.940307617188,183.940307617188,176.60319519043,172.100875854492,172.059707641602,189.730457051595,10.1563894669536
119.402985074627,189.970138549805,190.011322021484,190.029846191406,190.439529418945,194.536270141602,193.293869018555,189.172424316406,185.034484863281,187.072570800781,189.946472167969,189.967041015625,189.987640380859,189.991760253906,189.971160888672,189.950592041016,185.822952270508,178.001022338867,178.021606445312,178.017501831055,179.235214233398,187.469879150391,192.822418212891,193.851776123047,185.617095947266,180.709213256836,178.052474975586,178.031890869141,181.753982543945,182.167785644531,178.029846191406,186.232659403483,5.56298577108986
120,184,192.275848388672,196,195.586212158203,191.448272705078,190,189.172424316406,185.034484863281,180.896545410156,179.24137878418,183.379302978516,187.517242431641,188.344818115234,184.206893920898,180.068969726562,178,178.206893920898,182.344833374023,181.517242431641,178,178,178,178,178,184.620697021484,188.551712036133,184.413787841797,187.724136352539,188.137939453125,184,184.489654541016,5.4106328458357
